a,a/ad,prep,at/to,
abbadessa,abbadessa/abbadesse,n,abbess,
abbandonare,,v,to abandon,
abbassare,,v,to lower,
abbattere,,v,to strike down,
abbinare,,v,to pair,
abbondare,,v,to abound,
abbracciare,,v,to embrace,
abbreviare,,v,to abbreviate,
abdicare,,v,to abdicate,
abete,abete/abeti,n,fir/spruce,
abisso,abisso/abissi,n,abyss,
abitante,abitante/abitanti,n,inhabitant,
abitare,,v,to inhabit,
abito,abito/abiti,n,dress,
abituare,,v,to accustom,
abolire,,v,to abolish,
accadere,,v,to happen,
accampamento,accampamento/accampamenti,n,camp/encampment,
accantonare,,v,to shelve,
accedere,,v,to access,
accelerare,,v,to accelerate,
accendere,,v,to light,
accennare,,v,to hint/to mention,
accentrare,,v,to centralize/to concentrate,
accentuare,,v,to accentuate,
accerchiare,,v,to encircle/to surround,
accertamento,accertamento/accertamenti,n,investigation,
accertare,,v,to ascertain,
accettare,,v,to accept,
accezione,accezione/accezioni,n,acceptance/meaning/sense,
acciecare,,v,to blind,
accludere,,v,to enclose,
accogliere,,v,to receive/to welcome,
accollare,,v,to shoulder,
accompagnare,,v,to accompany,
accomunare,,v,to unite,
acconsentire,,v,to consent,
accontentare,,v,to satisfy,
accoppiare,,v,to pair,
accorciare,,v,to shorten,
accordare,,v,to grant/to tune,
accordo,accordo/accordi,n,accord/agreement/chord,
accorgere,,v,to notice,
accorgersi,,v,to notice/to realize,
accorgimento,accorgimento/accorgimenti,n,expedient,
accostare,,v,to approach,
accreditare,,v,to accredit,
accrescere,,v,to increase,
accumulare,,v,to accumulate,
accusa,accusa/accuse,n,accusation,
accusare,,v,to accuse,
acido,acido/acidi,n,acid,
acqua,acqua/acque,n,water,
acquisire,,v,to acquire,
acquistare,,v,to acquire/to buy,
adattamento,adattamento/adattamenti,n,adaptation,
adattare,,v,to adapt,
addebitare,,v,to charge,
addensare,,v,to gather/to thicken,
addentrarsi,,v,to venture,
additare,,v,to point out,
addobbare,,v,to decorate,
addomesticare,,v,to domesticate,
addormentare,,v,to put to sleep,
addormentarsi,,v,to fall asleep,
adeguare,,v,to adapt,
adeguarsi,,v,to adapt,
adempiere,,v,to fulfill,
aderire,,v,to adhere/to join,
adesione,adesione/adesioni,n,adherence/adhesion,
adibire,,v,to assign/to use,
adoperare,,v,to use,
adottare,,v,to adopt,
aereo,aereo/aerei,n,aircraft,
aeroporto,aeroporto/aeroporti,n,airport,
affacciare,,v,to face/to overlook,
affare,affare/affari,n,affair/business,
affascinare,,v,to fascinate,
afferire,,v,to pertain,
affermare,,v,to affirm/to assert/to state,
affermarsi,,v,to establish oneself,
affetto,affetto/affetti,n,affection,
affiancare,,v,to flank/to pair up,
affidare,,v,to entrust,
affiliare,,v,to affiliate,
affiorare,,v,to emerge,
affliggere,,v,to afflict,
affollare,,v,to crowd,
affondare,,v,to sink,
affresco,affresco/affreschi,n,fresco,
affrontare,,v,to address/to face,
agente,agente/agenti,n,agent,
agere,,v,to act,
agganciare,,v,to hook,
aggiornare,,v,to update,
aggirarsi,,v,to amount,
aggiudicare,,v,to award,
aggiudicarsi,,v,to win,
aggiungere,,v,to add,
aggiunta,aggiunta/aggiunte,n,addition,
aggravare,,v,to aggravate,
aggravarsi,,v,to worsen,
aggregare,,v,to aggregate,
aggregarsi,,v,to aggregate,
agire,,v,to act,
ago,ago/aghi,n,needle,
agricoltore,agricoltore/agricoltori,n,farmer,
agrume,agrume/agrumi,n,citrus,
a il,a'/agli/ai/al/all'/alla/alle/allo,prep art,at the/to the,
aiutare,,v,to help,
ala,ala/ali,n,wing,
alba,alba,n,Alba/Dawn,
albero,albero/alberi,n,mast/tree,
alchimista,alchimista/alchimisti,n,alchemist,
algoritmo,algoritmo/algoritmi,n,algorithm,
alimentare,,v,to feed/to power,
allargare,,v,to enlarge/to expand,
allattare,,v,to nurse,
alleanza,alleanza/alleanze,n,alliance,
alleare,,v,to ally,
allearsi,,v,to ally,
alleato,alleato/alleati,n,Allies/ally,
allenatore,allenatore/allenatori,n,coach/trainer,
allestire,,v,to set up,
allevare,,v,to raise,
allievo,allievo/allievi,n,pupil/student,
alloggio,alloggio/alloggi,n,accommodation/lodging,
allontanare,,v,to move away/to remove,
allungare,,v,to elongate,
alogenuro,alogenuri,n,halide/halogenide,
alpe,alpe/alpi,n,mountain pass,
altare,altare/altari,n,altar,
alterare,,v,to alter,
alternare,,v,to alternate,
altezza,altezza/altezze,n,height/pitch,
alto,alto/alti/alta/alte,adj,high/tall,
altoparlante,altoparlante/altoparlanti,n,speaker,
altopiano,altopiano/altopiani,n,plateau,
altura,altura/alture,n,height,
alzare,,v,to raise,
amante,amante/amanti,n,lover,
amare,,v,to love,
ambientare,,v,to set,
ambientazione,ambientazione/ambientazioni,n,setting,
ambiente,ambiente/ambienti,n,environment/room,
ambito,ambito/ambiti,n,field/realm/scope,
amico,amico/amici,n,friend,
ammettere,,v,to admit,
ammirare,,v,to admire,
amore,amore/amori,n,love,
ampliare,,v,to enlarge/to expand,
analista,analista/analisti,n,analyst,
analizzare,,v,to analyze,
anatra,anatra/anatre,n,duck,
andare,,v,to go,
aneddoto,aneddoto/aneddoti,n,anecdote,
anello,anello/anelli,n,link/ring,
angelo,angelo/angeli,n,angel,
angolo,angolo/angoli,n,angle/corner,
angoscia,angoscia/angosce,n,anguish,
anima,anima/anime,n,soul,
animale,animale/animali,n,animal,
animazione,animazione/animazioni,n,animation,
animo,animo/animi,n,mind/spirit,
annettere,,v,to annex,
anno,anno/anni,n,year,
annoverare,,v,to count/to include,
annullare,,v,to annul/to cancel,
annunciare,,v,to announce,
antenato,antenato/antenati,n,ancestor,
anticipare,,v,to anticipate,
antropizzare,,v,to humanize,
ape,ape/api,n,bee,
apertura,apertura/aperture,n,opening/wingspan,
apparire,,v,to appear,
apparizione,apparizione/apparizioni,n,appearance,
appartenere,,v,to belong,
appassionare,,v,to be passionate,
appiattire,,v,to flatten,
applicare,,v,to apply,
applicazione,applicazione/applicazioni,n,application,
appoggiare,,v,to rely/to support,
appoggiarsi,,v,to lean on/to rely,
apportare,,v,to bring,
appostare,,v,to position,
apprendere,,v,to learn,
apprezzare,,v,to appreciate,
approcciare,,v,to approach,
approccio,approccio/approcci,n,approach,
approdare,,v,to arrive/to land,
approdo,approdo/approdi,n,landing,
approfittare,,v,to take advantage,
approfondimento,approfondimento/approfondimenti,n,deepening,
approfondire,,v,to deepen,
approvare,,v,to approve,
appunto,appunto/appunti,n,note,
aprire,,v,to open,
apside,apside/apsidi,n,apside/apsis,
aquila,aquila/aquile,n,eagle,
arabo,arabo/arabi,n,Arab/Arabic,
arbitrio,arbitrio/arbitri,n,will/judgment,
arcano,arcano/arcani,n,arcanum,
archetto,archetto/archetti,n,bow/small arch,
architetto,architetto/architetti,n,architect,
architettura,architettura/architetture,n,architecture,
archivio,archivio/archivi,n,archive,
arco,arco/archi,n,arc/arch/arches,
ardente,ardente/ardenti,adj,burning/ardent,
ardere,,v,to burn,
ardito,ardito/ardita/arditi/ardite,adj,bold/daring,
ardore,ardore/ardori,n,ardor/passion,
area,area/aree,n,area,
areale,areale/areali,n,range,
argine,argine/argini,n,bank/embankment,
argomentazione,argomentazione/argomentazioni,n,argumentation/argument,
arma,arma/armi,n,weapon,
armare,,v,to arm,
armata,armata/armate,n,Army/armed fleet/armies,
armonia,armonia/armonie,n,harmony,
arrestare,,v,to arrest,
arretrare,,v,to recede,
arricchire,,v,to enrich,
arridere,,v,to smile upon,
arrivare,,v,to arrive,
arroccare,,v,to castle,
arrotondare,,v,to round,
arruolare,,v,to enlist,
arruolarsi,,v,to enlist,
arte,arte/arti,n,art,
articolare,,v,to articulate,
articolo,articolo/articoli,n,article,
artigiano,artigiano/artigiani,n,artisan/craftsman,
artista,artista/artisti,n,artist,
ascoltare,,v,to listen,
aspetto,aspetto/aspetti,n,appearance/aspect,
assalire,,v,to assault,
assaltare,,v,to assault,
assassinare,,v,to assassinate,
assassino,assassino/assassini,n,assassin,
assediare,,v,to besiege,
assegnare,,v,to assign,
assemblare,,v,to assemble,
assemblea,assemblea,n,Assembly,
asserire,,v,to assert,
asserragliarsi,,v,to barricade oneself,
asservire,,v,to service,
assicurare,,v,to assure/to ensure,
assimilare,,v,to assimilate,
assistere,,v,to assist/to witness,
associare,,v,to associate,
associazione,associazione/associazioni,n,association,
assoggettare,,v,to subjugate,
assoldare,,v,to hire,
assomigliare,,v,to resemble,
assorbire,,v,to absorb,
assumere,,v,to assume/to hire,
assunto,assunto,n,Assumption/subject,
assunzione,assunzione/assunzioni,n,assumption/hiring,
astronauta,astronauta/astronauti,n,astronaut,
astronomo,astronomo/astronomi,n,astronomer,
atleta,atleta/atleti,n,athlete,
attaccare,,v,to attack,
attacco,attacco/attacchi,n,attack,
attecchire,,v,to take root,
attenere,,v,to pertain,
attenersi,,v,to adhere,
attentato,attentato/attentati,n,attack,
atterraggio,atterraggio/atterraggi,n,landing,
atterrare,,v,to land,
attestare,,v,to attest,
attingere,,v,to draw,
attirare,,v,to attract,
attivare,,v,to activate,
attività,attività,n,activity,
atto,atto/atti,n,act/deed,
attore,attore/attori,n,actor,
attorniare,,v,to surround,
attraccare,,v,to dock,
attrarre,,v,to attract,
attraversare,,v,to cross/to traverse,
attrezzare,,v,to equip,
attrezzo,attrezzo/attrezzi,n,implement/tool,
attribuire,,v,to attribute,
attribuzione,attribuzione/attribuzioni,n,attribution,
attrice,attrice/attrici,n,actress,
attuare,,v,to enact/to implement,
aumentare,,v,to increase,
aura,aura/aure,n,breeze/aura,
auspicare,,v,to wish,
austriaco,austriaco/austriaci,n,Austrian,
auto,auto,n,automobile/car,
autogovernarsi,,v,to self-govern,
automobile,automobile/automobili,n,automobile,
autore,autore/autori,n,author,
autostrada,autostrada/autostrade,n,highway,
autovettura,autovettura/autovetture,n,car,
autunno,autunno/autunni,n,autumn/fall,
avanzare,,v,to advance,
avere,,v,to have,
avvalersi,,v,to avail oneself,
avvelenare,,v,to poison,
avvenimento,avvenimento/avvenimenti,n,event,
avvenire,,v,to happen,
avventura,avventura/avventure,n,adventure,
avvertire,,v,to notice/to perceive,
avviare,,v,to begin/to initiate,
avvicinare,,v,to approach,
avvistare,,v,to sight/to spot,
avvolgere,,v,to wrap,
azionare,,v,to drive/to operate,
azione,azione/azioni,n,action/share,
bacheca,bacheca/bacheche,n,bulletin board,
baciare,,v,to kiss,
bacino,bacino/bacini,n,basin/pelvis,
bacio,bacio/baci,n,kiss,
bagnante,bagnante/bagnanti,n,bather,
bagnare,,v,to bathe,
ballare,,v,to dance,
balzare,,v,to jump,
banca,banca/banche,n,bank,
banchina,banchina/banchine,n,quay,
banda,banda/bande,n,band/gang,
bandiera,bandiera/bandiere,n,flag,
bandire,,v,to ban,
barocco,barocco,n,Baroque,
barone,barone/baroni,n,baron,
barra,barra/barre,n,bar,
barricare,,v,to barricade,
basare,,v,to base,
base,base/basi,n,base/basis,
basic,basic,n,BASIC,
bastare,,v,to suffice,
bastione,bastione/bastioni,n,bastion,
bastone,bastone/bastoni,n,stick,
battaglia,battaglia/battaglie,n,Battle,
battaglione,battaglione/battaglioni,n,battalion,
battere,,v,to beat/to fight,
battesimo,battesimo/battesimi,n,baptism,
battezzare,,v,to baptize/to name,
battito,battito/battiti,n,beat,
beffare,,v,to trick,
bellezza,bellezza/bellezze,n,beauty,
bello,bello/belli/bella/belle,adj,beautiful,
bene,bene/beni,n,good,
beneficio,beneficio/benefici,n,benefit,
benigno,benigno/benigna/benigni/benigne,adj,benign/kind,
bere,,v,to drink,
bergamotto,bergamotto,n,bergamot,
bestia,bestia/bestie,n,beast,
bianco,bianco/bianchi/bianca/bianche,adj,white,
bianco,bianco/bianchi,n,white,
biliardo,biliardo,n,billiard,
biomolecola,biomolecola/biomolecole,n,biomolecule,
bisognare,,v,to be necessary/to need,
bisogno,bisogno/bisogni,n,need,
bit,bit,n,bit,
bivalve,bivalve/bivalvi,n,bivalve,
bloccare,,v,to block,
blocco,blocco/blocchi,n,bloc/block/blockade,
boccia,boccia/bocce,n,bocce/bowl,
bolscevico,bolscevichi,n,Bolshevik,
bomba,bomba/bombe,n,bomb,
bombardamento,bombardamento/bombardamenti,n,bombardment/bombing,
bombardare,,v,to bombard,
bontà,bontà,n,goodness,
boscaglia,boscaglia/boscaglie,n,woodland,
bosco,bosco/boschi,n,forest/wood,
botanico,botanico/botanici,n,botanist,
bottega,bottega/botteghe,n,shop/workshop,
bovino,bovini,n,bovine,
braccio,braccio/braccia,n,arm,
brama,brama/brame,n,longing/desire,
bramito,bramito/bramenti,n,bellow,
branchia,branchie,n,gill,
brano,brano/brani,n,passages/piece,
brattea,brattea/brattee,n,bract,
brevettare,,v,to patent,
brevetto,brevetto/brevetti,n,license/patent,
brigata,brigata/brigate,n,Brigades/brigade,
bronzo,bronzo/bronzi,n,bronze,
buddhista,buddhisti/buddhista,n,Buddhist,
burgundo,burgundo/burgundi,n,Burgundian,
bypassare,,v,to bypass,
cabalista,cabalista/cabalisti,n,cabalist,
cacciare,,v,to chase/to hunt,
cacciatore,cacciatori,n,hunter,
cadavere,cadavere/cadaveri,n,corpse,
cadere,,v,to fall,
caduta,caduta,n,Fall,
calare,,v,to descend/to fall,
calcolare,,v,to calculate,
calcolatore,calcolatore/calcolatori,n,calculator/computer,
calcolo,calcolo/calcul/calcoli,n,calculation/calculus,
calendario,calendario/calendari,n,calendar,
califfato,califfato,n,Caliphate,
cambiamento,cambiamento/cambiamenti,n,change,
cambiare,,v,to change/to exchange,
cambio,cambio/cambi,n,change/exchange,
camera,camera/camere,n,camera/chamber/room,
cammino,cammino/cammini,n,path/journey,
campagna,campagna/campagne,n,campaign/countryside,
campana,campana/campane,n,bell,
campionato,campionato/campionati,n,championship,
campione,campione/campioni,n,champion/sample,
campo,campo/campi,n,camp/field,
canale,canale/canali,n,canal/channel,
canard,canard,n,false rumor,
cancellare,,v,to cancel/to delete,
cancelliere,cancelliere,n,Chancellor,
candidare,,v,to nominate,
cane,cane/cani,n,dog,
canestrello,canestrelli,n,scallop,
canna,canna/canne,n,cane/pipe/reed,
cannolicchio,cannolicchi,n,razor clam,
canone,canone/canoni,n,canon/license fee,
cantare,,v,to sing,
cantiere,cantiere/cantieri,n,construction site/shipyard/worksite,
cantina,cantine,n,cellar,
canto,canto/canti,n,side/song,
cantone,canton/cantone/cantoni,n,canton,
canzone,canzone/canzoni,n,song,
cap,cap,n,CAP,
capeggiare,,v,to lead,
capire,,v,to understand,
capitale,capitale/capitali,n,capital,
capitare,,v,to happen/to understand,
capitello,capitello/capitelli,n,capital,
capitolo,capitolo/capitoli,n,chapter,
capo,capo/capi,n,cape/chief/head,
capolavoro,capolavoro/capolavori,n,masterpiece,
capoluogo,capoluogo/capoluoghi,n,capital/provincial capital,
capovolgere,,v,to overturn,
cappasanta,cappasante,n,scallop,
cappella,cappella/cappelle,n,chapel,
cappello,cappello/cappelli,n,hat,
carattere,carattere/caratteri,n,character,
caratteristica,caratteristica/caratteristiche,n,characteristic,
caratterizzare,,v,to characterize,
carboidrato,carboidrato/carboidrati,n,carbohydrate,
carcere,carcere/carceri,n,prison,
carica,carica/cariche,n,charge/office/position,
caricare,,v,to load,
carico,carico/carichi,n,cargoes/charge/load,
carità,carità,n,charity,
carta,carta/carte,n,Charter/cards/map,
casa,casa/case,n,companies/home/house,
casale,casale/casali,n,hamlet,
cascina,cascina/cascine,n,farmhouse,
caso,caso/casi,n,case,
castello,castel/castello/castelli,n,castle,
catalogare,,v,to catalog,
catena,catena/catene,n,chain,
cattolico,cattolici,n,Catholic,
catturare,,v,to capture,
causa,causa/cause,n,cause,
causare,,v,to cause,
cavaliere,cavaliere/cavalieri,n,knight,
cavare,,v,to dig,
cedere,,v,to cede,
cedro,cedro/cedri,n,cedar,
celebrare,,v,to celebrate,
celebrazione,celebrazione/celebrazioni,n,celebration,
cellula,cellula/cellule,n,cell,
censire,,v,to list,
centinaio,centinaio/centinaia,n,hundred,
cento,cent/cento,n,hundred,
cento,cento,adj,hundred,
centrale,centrale/centrali,n,center/central hub/central office,
centro,centro/centri,n,center,
ceramica,ceramica/ceramiche,n,ceramic,
cercare,,v,to search/to seek,
cervello,cervello/cervelli,n,brain,
cessare,,v,to cease,
che,che,conj,that/than,
chiamare,,v,to call,
chiarezza,chiarezza,n,clarity,
chiarimento,chiarimento/chiarimenti,n,clarification,
chiarire,,v,to clarify,
chiave,chiave/chiavi,n,key,
chiedere,,v,to ask,
chiesa,chiesa/chiese,n,church,
chilometro,chilometro/chilometri,n,kilometer,
chitarra,chitarra/chitarre,n,guitar,
chitarrista,chitarrista/chitarristi,n,guitarist,
chiudere,,v,to close,
ciclo,ciclo/cicli,n,cycle,
cicogna,cicogna/cicogne,n,stork,
cieco,cieco/cieca/ciechi/cieche,adj,blind,
cifra,cifra/cifre,n,cipher/digit/figure,
cifrare,,v,to cipher,
cifrario,cifrario/cifrari,n,cipher,
ciglia,ciglio/ciglia,n,eyelash/eyebrow,
cigno,cigno/cigni,n,Swan,
cima,cima/cime,n,peak/summit/top,
cimice,cimice/cimici,n,bug,
cinquanta,cinquanta,adj,fifty,
cinquanta,cinquant/cinquanta,n,fifties/fifty,
cinquecento,cinquecento,adj,five hundred/sixteenth century,
cinquecento,cinquecento,n,five hundred,
cinque,cinque,adj,five,
circolare,,v,to circulate,
circolo,circolo/circoli,n,circle,
circondare,,v,to surround,
circondarsi,,v,to surround,
circostanza,circostanza/circostanze,n,circumstance,
circuito,circuito/circuiti,n,circuit,
citare,,v,to cite,
città,città,n,city,
cittadino,cittadino/cittadini,n,citizen,
ciuffo,ciuffo/ciuffetti,n,tuft,
civile,civile/civili,n,civilian,
civiltà,civiltà,n,civilization,
classico,classico/classici,n,classic,
classificare,,v,to classify,
classificazione,classificazione/classificazioni,n,classification,
clavicembalo,clavicembalo/clavicembali,n,harpsichord,
clima,clima/climi,n,climate,
coadiuvare,,v,to aid,
codice,codice/codici,n,code,
codificare,,v,to code/to codify,
coefficiente,coefficiente/coefficienti,n,coefficient,
cogliere,,v,to grasp/to seize,
coincidere,,v,to coincide,
coinvolgere,,v,to involve,
colata,colata/colate,n,flow,
collaborare,,v,to collaborate,
collega,collega/colleghi,n,colleague,
collegamento,collegamento/collegamenti,n,connection/link,
collegare,,v,to connect,
collina,collina/colline,n,hill,
collocare,,v,to place,
colmare,,v,to fill,
colonia,colonia/colonie,n,colony,
colonizzare,,v,to colonize,
colono,coloni,n,colonist,
colorazione,colorazione/colorazioni,n,coloration/coloring,
colore,colore/colori,n,color,
colpa,colpa/colpe,n,fault/guilt,
colpire,,v,to strike,
colpo,colpo/colpi,n,blow/coup/shot,
coltivare,,v,to cultivate,
comandante,comandante/comandanti,n,commander,
comandare,,v,to command,
comando,comando/comandi,n,command,
combattere,,v,to fight,
combinazione,combinazione/combinazioni,n,combination,
cominciare,,v,to begin,
comitato,comitato/comitati,n,committee,
commettere,,v,to commit,
compagnia,compagnia/compagnie,n,Company/companies,
comparare,,v,to appear/to compare,
comparire,,v,to appear,
compiere,,v,to accomplish/to carry out,
compilare,,v,to compile,
complemento,complemento/complementi,n,complement,
completare,,v,to complete,
complimentare,,v,to compliment,
componente,componente/componenti,n,component/member,
componere,,v,to compose,
comporre,,v,to compose,
comportamento,comportamento/comportamenti,n,behavior,
comportare,,v,to behave/to entail,
comportarsi,,v,to behave,
compositore,compositore/compositori,n,composer,
composizione,composizione/composizioni,n,composition,
composto,composto/composti,n,compound,
comprare,,v,to buy,
comprendere,,v,to comprise/to understand,
comprimere,,v,to compress,
compromesso,compromesso,n,Compromise,
compromettere,,v,to compromise,
comprovare,,v,to prove,
computer,computer,n,computer,
comune,comune/comuni,n,common/commune/municipalities,
comunicare,,v,to communicate,
comunicazione,comunicazione/comunicazioni,n,communication,
comunista,comunista/comunisti,n,communist,
comunità,comunità,n,Communities/Community,
concedere,,v,to grant,
concentrare,,v,to concentrate,
concepire,,v,to conceive,
concernere,,v,to concern,
concessione,concessione/concessioni,n,concession/granting,
concetto,concetto/concetti,n,concept,
concettualizzare,,v,to conceptualize,
concezione,concezione/concezioni,n,Conception,
conchiglia,conchiglia/conchiglie,n,shell,
concludere,,v,to conclude,
concludersi,,v,to conclude,
concordare,,v,to agree,
concorrere,,v,to concur/to contribute,
condannare,,v,to condemn,
condividere,,v,to share,
condizionare,,v,to condition,
condizione,condizione/condizioni,n,condition,
conducere,,v,to lead,
condurre,,v,to conduct/to drive,
confederato,confederati,n,confederate,
confederazione,confederazione/confederazioni,n,confederation,
conferenza,conferenza/conferenze,n,Conference/lectures,
conferire,,v,to confer/to give,
conferma,conferma/conferme,n,confirmation,
confermare,,v,to confirm,
confessione,confessione/confessioni,n,confession,
confidare,,v,to confide,
confinare,,v,to border/to confine,
confine,confine/confini,n,border,
conflitto,conflitto/conflitti,n,conflict,
confluire,,v,to flow/to flow into,
confondere,,v,to confuse,
conforto,conforto/conforti,n,comfort,
confrontare,,v,to compare,
confronto,confronto/confronti,n,comparison,
confundere,,v,to confuse,
congettura,congettura/congetture,n,conjecture,
congetturare,,v,to conjecture,
congiungere,,v,to connect/to join,
congresso,congresso/congressi,n,Congress,
coniare,,v,to coin,
connessione,connessione/connessioni,n,connection,
connettere,,v,to connect,
connettore,connettore/connettori,n,connector,
connotare,,v,to mark,
cono,cono/coni,n,cone,
conoscenza,conoscenza/conoscenze,n,acquaintance/knowledge,
conoscere,,v,to know,
conquista,conquista/conquiste,n,conquest,
conquistare,,v,to conquer,
consacrare,,v,to consecrate/to dedicate,
consegnare,,v,to deliver/to hand over,
conseguenza,conseguenza/conseguenze,n,consequence,
conseguire,,v,to obtain,
consentire,,v,to allow,
conservare,,v,to conserve/to keep,
conservarsi,,v,to preserve oneself,
considerare,,v,to consider,
considerarsi,,v,to be considered/to consider,
considerazione,considerazione/considerazioni,n,consideration,
consigliare,,v,to advise/to recommend,
consiglio,consiglio,n,Council/advice,
consistere,,v,to consist,
console,consoli/console,n,console/consul,
consolidare,,v,to consolidate,
constatare,,v,to ascertain,
consuetudine,consuetudine/consuetudini,n,custom,
consultare,,v,to consult,
consumare,,v,to consume,
consumatore,consumatore/consumatori,n,consumer,
consumo,consumo/consumi,n,consumption,
contadino,contadino/contadini,n,farmer/peasant,
contare,,v,to count,
contattare,,v,to contact,
contatto,contatto/contatti,n,contact,
conte,conte/conti,n,count,
contendere,,v,to contend,
contenere,,v,to contain,
contestare,,v,to contest,
continente,continent/continente/continenti,n,Continent,
continuare,,v,to continue,
contrada,contrada/contrade,n,district/lane/locality,
contraddistinguere,,v,to characterize/to distinguish,
contrapporre,,v,to oppose,
contrapporsi,,v,to oppose,
contrassegnare,,v,to mark,
contrastare,,v,to contrast/to oppose,
contrasto,contrasto/contrasti,n,conflict/contrast,
contrattacco,contrattacchi,n,counterattack,
contribuire,,v,to contribute,
contributo,contributo/contributi,n,contribution,
controfirmare,,v,to countersign,
controllare,,v,to check/to control,
convalidare,,v,to ratify,
convenire,,v,to agree,
convento,convento/conventi,n,convent,
convergere,,v,to converge,
conversione,conversione/conversioni,n,conversion,
convertere,,v,to convert,
convertire,,v,to convert,
convincere,,v,to convince,
convivere,,v,to coexist,
convocare,,v,to convene/to convoke,
convogliare,,v,to convey,
cooperativa,cooperativa/cooperative,n,cooperative,
coordinare,,v,to coordinate,
copiare,,v,to copy,
coppa,coppa/coppe,n,cup,
coppia,coppia/copie/coppie,n,copy/couple/pair,
coprire,,v,to cover,
corallo,corallo/coralli,n,coral,
corda,corda/cordas/corde,n,string,
cornice,cornice/cornici,n,cornice/frame,
corno,corno/corna,n,horn,
corona,corona/corone,n,crown,
corpo,corpo/corpi,n,body,
corporazione,corporazione/corporazioni,n,corporation,
correggere,,v,to correct,
corrente,corrente/correnti,n,current,
correre,,v,to run,
corrispondenza,corrispondenza/corrispondenze,n,correspondence,
corrispondere,,v,to correspond,
corsa,corsa/corse,n,race/racing/running,
corso,corso/corsi,n,course/street,
corte,corte/corti,n,court,
cortese,cortese/cortesi,adj,courteous,
cortesia,cortesia/cortesie,n,courtesy,
cortometraggio,cortometraggio/cortometraggi,n,short film,
cosa,cosa/cose,n,thing,
coscia,coscia/cosce,n,thigh,
cosmonauta,cosmonauta/cosmonauti,n,cosmonaut,
costa,costa/coste,n,coast,
costare,,v,to cost,
costellazione,costellazione/costellazioni,n,constellation,
costituente,costituente/costituenti,n,constituent/constituent assembly,
costituire,,v,to constitute,
costituzione,costituzione,n,Constitution/establishment,
costo,costo/costi,n,cost,
costringere,,v,to force,
costruire,,v,to build,
costruttore,costruttore/costruttori,n,builder/constructor,
costruzione,costruzione/costruzioni,n,construction,
costume,costumi,n,costumes/custom,
covare,,v,to brood,
cozza,cozza/cozze,n,mussel,
creare,,v,to create,
creatura,creatura/creature,n,creature,
credere,,v,to believe,
crescere,,v,to grow,
cresmare,,v,to confirm,
criminale,criminale/criminali,n,criminal,
crimine,crimini,n,crime,
cristallizzare,,v,to crystallize,
cristallo,cristallo/cristalli,n,crystal,
cristianizzare,,v,to Christianize,
criticare,,v,to criticize,
critico,critico/critici,n,critic,
crittografare,,v,to encrypt,
crociata,crociata/crociate,n,crusade,
crociato,crociato/crociati,n,crusader,
crollare,,v,to collapse,
cronaca,cronaca/cronache,n,chronicle/record,
crudo,crudo/cruda/crudi/crude,adj,raw/cruel,
culminare,,v,to culminate,
cultivar,cultivar,n,cultivar,
culto,culto/culti,n,cult/worship,
cultura,cultura/culture,n,cultivation/culture,
cuocere,,v,to cook,
cuore,cuore/cuori,n,Heart,
curare,,v,to care/to care for,
curva,curva/curve,n,curve,
custodire,,v,to guard,
da,da,prep,by/from/since,
danno,danni/danno,n,damage,
dare,,v,to give,
datare,,v,to date,
debilitare,,v,to weaken,
debito,debito/debiti,n,debt,
debuttare,,v,to debut,
decadere,,v,to decay,
decapitare,,v,to behead,
decennio,decennio/decenni,n,decade,
decidere,,v,to decide,
decifrare,,v,to decipher/to decrypt,
decisione,decisione/decisioni,n,decision,
decodificare,,v,to decode,
decollare,,v,to take off,
decollo,decollo/decolli,n,takeoff,
decorare,,v,to decorate,
decrescere,,v,to decrease,
decretare,,v,to decree,
decuplicare,,v,to decuple,
dedicare,,v,to dedicate,
dedicarsi,,v,to dedicate/to dedicate oneself,
dedurre,,v,to deduce,
definire,,v,to define,
definizione,definizione/definizioni,n,definition,
degenerare,,v,to degenerate,
degno,degno/degna/degni/degne,adj,worthy,
delegare,,v,to delegate,
deliberare,,v,to deliberate,
delimitare,,v,to delimit,
delineare,,v,to delineate/to outline,
demolire,,v,to demolish,
demonizzare,,v,to demonize,
denominare,,v,to name,
deponere,,v,to depose,
deporre,,v,to depose/to testify,
deportare,,v,to deport,
deportazione,deportazione/deportazioni,n,deportation,
deridere,,v,to mock,
derivare,,v,to derive,
derivata,derivata/derivate,n,derivative,
descrivere,,v,to describe,
descrizione,descrizione/descrizioni,n,Description,
desiderio,desiderio/desideri,n,desire,
designare,,v,to designate,
destinare,,v,to destine,
destinazione,destinazione/destinazioni,n,destination,
desumere,,v,to deduce,
detenere,,v,to hold,
determinare,,v,to determine,
detronizzare,,v,to dethrone,
dettaglio,dettaglio/dettagli,n,detail/retail,
detto,detto,n,saying,
devastare,,v,to devastate,
deviazione,deviazione/deviazioni,n,deflection/deviation,
devoto,devoto/devota/devoti/devote,adj,devout,
diagnosticare,,v,to diagnose,
dialetto,dialetto/dialetti,n,dialect,
dialogo,dialogo/dialoghi,n,dialog/dialogue,
dichiarare,,v,to declare,
dichiarazione,dichiarazione/dichiarazioni,n,Declaration,
diciotto,diciotto,n,eighteen,
di,di/d',prep,of,
dieci,dieci,adj,ten,
dieci,dieci,n,ten,
difendere,,v,to defend/to defend it,
difesa,difesa/difese,n,defense,
difetto,difetto/difetti,n,defect/flaw,
differenza,differenza/differenze,n,Differences/difference,
differenziare,,v,to differentiate,
differenziarsi,,v,to differentiate,
differire,,v,to differ,
diffondere,,v,to spread,
diffondersi,,v,to spread,
digerire,,v,to digest,
digest,digest/digests,n,digest,
di il,del/dello/della/dell'/dei/degli/delle,prep art,of the,
diletto,diletto/diletta/diletti/dilette,adj,beloved,
dimensione,dimensione/dimensioni,n,dimension/size,
dimenticare,,v,to forget,
dimettere,,v,to resign,
dimezzare,,v,to halve,
diminuire,,v,to decrease/to diminish,
dimissione,dimissioni,n,resignation,
dimostrare,,v,to demonstrate/to prove,
dimostrarsi,,v,to prove oneself,
dimostrazione,dimostrazione/dimostrazioni,n,demonstration/proof,
dinamica,dinamica/dinamiche,n,dynamic,
diocesi,diocesi,n,diocese,
dipendente,dipendente/dipendenti,n,dependent/employee,
dipendere,,v,to depend,
dipingere,,v,to paint,
dipinto,dipinto/dipinti,n,painting,
diplomare,,v,to graduate,
diplomarsi,,v,to graduate,
direttiva,direttiva/direttive,n,directive,
dire,,v,to say,
direzione,direzione/direzioni,n,direction,
dirigere,,v,to direct,
dirigibile,dirigibile/dirigibili,n,airship/dirigible,
diritto,diritto/diritti,n,law/right,
disaccaride,disaccaride/disaccaridi,n,disaccharide,
disattendere,,v,to disregard,
discendere,,v,to descend,
discepolo,discepolo/discepoli,n,disciple,
disciplina,disciplina/discipline,n,discipline,
disco,disco/dischi,n,disc/disco/discus,
discostare,,v,to depart,
discussione,discussione,n,discussion,
discutere,,v,to discuss,
disdegno,disdegno,n,disdain,
disegnare,,v,to design/to draw,
disegno,disegno/disegni,n,design/drawing/pattern,
disgregare,,v,to break up/to disperse,
disilludere,,v,to disillusion,
disintegrare,,v,to disintegrate,
disinteressare,,v,to stop caring,
dislocare,,v,to dislocate/to locate,
disporre,,v,to arrange,
dispositivo,dispositivo/dispositivi,n,device,
disposizione,disposizione/disposizioni,n,arrangement/disposal/dispositions,
disputare,,v,to play,
dissezione,dissezione/dissezioni,n,dissection,
dissociare,,v,to dissociate,
dissolvere,,v,to dissolve,
distanza,distanza/distanze,n,distance,
distare,,v,to be distant,
distesa,distesa/distese,n,expanse,
distinguere,,v,to distinguish,
distinguersi,,v,to distinguish/to stand out,
distribuire,,v,to distribute,
distruggere,,v,to destroy,
distruzione,distruzione/distruzioni,n,destruction,
diteggiatura,diteggiatura/diteggiature,n,fingering,
dito,dito/dita,n,finger,
divenire,,v,to become,
diventare,,v,to become,
diversificarsi,,v,to diversify,
diverso,diverso/diversi/diversa/diverse,adj,different/various,
dividere,,v,to divide,
divisione,divisione/divisioni,n,Division,
divisore,divisore/divisori,n,divisor,
divorziare,,v,to divorce,
divorzio,divorzio/divorzi,n,divorce,
documentare,,v,to document,
documento,documento/documenti,n,document,
doge,doge,n,Doge,
doglia,doglia/doglie,n,pain/sorrow,
dolcezza,dolcezza/dolcezze,n,sweetness,
dollaro,dollaro/dollari,n,dollar,
domanda,domanda/domande,n,demand/question/request,
domare,,v,to tame,
dominare,,v,to dominate,
dominio,dominio/domini,n,domain/dominion,
donare,,v,to donate,
don,don,n,Don,
dono,dono/doni,n,gift,
dormire,,v,to sleep,
dotare,,v,to endow,
dottore,dottore/dottori,n,doctor,
dottrina,dottrina/dottrine,n,doctrine,
dovere,,v,to have to,
drappo,drappo/drappi,n,cloth,
duca,duca/duchi,n,duke,
due,due,adj,two,
due,due,n,two,
duemila,duemila,n,two thousand,
duettare,,v,to duet,
duolo,duolo,n,grief,
durare,,v,to last,
ebreo,ebreo/ebrei/ebrea,n,Hebrews/Jew,
eccellenza,eccellenza/eccellenze,n,excellence,
eccettuare,,v,to except,
eccezione,eccezion/eccezione/eccezioni,n,exception,
eccidio,eccidio/eccidi,n,massacre,
eccitare,,v,to excite,
edificare,,v,to build,
edificio,edificio/edifici,n,building,
editore,editore/editori,n,Editor/publisher,
edizione,ediz/edizione/edizioni,n,edition,
edredone,edredone/edredoni,n,eider,
e,e/ed,conj,and,
effetto,effetto/effetti,n,effect,
effettuare,,v,to carry out/to effect,
elaborare,,v,to develop/to elaborate,
elargiare,,v,to distribute,
elefante,elefante/elefanti,n,elephant,
eleggere,,v,to elect,
elemento,elemento/elementi,n,element,
elencare,,v,to list,
elenco,elenco/elenchi,n,list,
elettrificare,,v,to electrify,
elettrodo,elettrodo/elettrodi,n,electrode,
elettrone,elettrone/elettroni,n,electron,
elezione,elezione/elezioni,n,election,
eliminare,,v,to eliminate,
ella,ella,pron,she,
emanare,,v,to emanate/to issue,
emanazione,emanazione/emanazioni,n,emanation,
emergere,,v,to emerge,
emettere,,v,to emit,
emigrare,,v,to emigrate,
emirato,emirato,n,Emirate,
emissione,emissione/emissioni,n,emission,
empio,empio/empia/empi/empie,adj,impious/wicked,
entrare,,v,to enter,
enunciare,,v,to enunciate/to state,
epidemia,epidemia/epidemie,n,epidemic,
episodio,episodio/episodi,n,episode,
epoca,epoca,n,age/epoch/era,
equazione,equazione/equazioni,n,equation,
equilibrare,,v,to balance,
equipaggiare,,v,to equip,
equivalere,,v,to equal,
erba,erba/erbe,n,grass,
erede,erede/eredi,n,heir,
ergastolo,ergastolo/ergastoli,n,life sentence,
erigere,,v,to erect,
errore,errore/errori,n,error,
eruzione,eruzione/eruzioni,n,eruption,
esaminare,,v,to examine,
esarcato,esarcato,n,Exarchate,
esasperare,,v,to exasperate,
esaudire,,v,to fulfill,
esaurire,,v,to exhaust,
esautorare,,v,to remove from power,
esclamare,,v,to exclaim,
escludere,,v,to exclude,
esecuzione,esecuzione/esecuzioni,n,execution,
eseguire,,v,to carry out/to execute,
esempio,esempio/esempi,n,example,
esemplare,esemplare/esemplari,n,example/exemplar/specimen,
esercitare,,v,to exercise,
esercitazione,esercitazione/esercitazioni,n,exercise,
esercito,esercito/eserciti,n,army,
esercizio,esercizio/esercizi,n,exercise/operation,
esibire,,v,to perform,
esibirsi,,v,to perform,
esigere,,v,to require,
esiliare,,v,to exile,
esistere,,v,to exist,
esito,esiti,n,outcome,
esordire,,v,to debut,
espandere,,v,to expand,
espellere,,v,to expel,
esperienza,esperienza/esperienze,n,experience,
esperimento,esperimento/esperimenti,n,experiment,
esplodere,,v,to explode,
esplorare,,v,to explore,
esploratore,esploratore/esploratori,n,explorer,
esplorazione,esplorazione/esplorazioni,n,exploration,
esponente,esponente/esponenti,n,exponent,
esporre,,v,to display/to expose,
espressione,espressione/espressioni,n,expression,
esprimere,,v,to express,
essere,essere/esseri,n,being,
essere,,v,to be,
essiccare,,v,to dry,
estate,estate/estati,n,summer,
estendere,,v,to extend,
estensione,estensione/estensioni,n,extension/extent/size,
esterno,esterno/esterni,n,exterior/outside,
est,est,n,East,
estinguere,,v,to end/to extinguish,
estirpare,,v,to eradicate,
estrarre,,v,to extract,
estremo,estremo/estremi,n,extreme,
etichetta,etichetta/etichette,n,etiquette/label,
etichettare,,v,to label,
etnia,etnia/etnie,n,ethnic group/ethnicities/ethnicity,
ettaro,ettari,n,hectare,
euro,euro,n,euro,
evento,evento/eventi,n,event,
evidenza,evidenza/evidenze,n,evidence,
evidenziare,,v,to highlight,
evitare,,v,to avoid/to avoid it,
evoluzione,evoluzione/evoluzioni,n,evolution,
evolvere,,v,to evolve,
facilitare,,v,to facilitate,
falco,falco/falchi,n,falcon/hawk,
fallimento,fallimento/fallimenti,n,bankruptcy/failure,
fallire,,v,to fail,
famiglia,famiglia/famiglie,n,family,
fanciullo,fanciullo/fanciulli,n,Child,
fare,,v,to do/to make,
farina,farina/farine,n,flour,
farmaco,farmaci,n,drug,
faro,faro/fari,n,beacon/lighthouse,
farsi,,v,to become/to get,
fascia,fascia/fasce,n,band/ribs/sash,
fase,fase/fasi,n,phase,
fasolaro,fasolari,n,grooved clam,
fatto,fatto/fatti,n,events/fact/made,
fattore,fattore/fattori,n,factor,
fatturare,,v,to invoice,
favorire,,v,to favor/to promote,
fazione,fazione/fazioni,n,faction,
fecondare,,v,to fertilize,
federazione,federazione/federazioni,n,federation,
felice,felice/felici,adj,happy,
femmina,femmina/femmine,n,female,
fenicio,fenicio/fenici,n,Phoenician,
ferire,,v,to wound,
ferita,ferita/ferite,n,wound/wounded person,
fermare,,v,to stay/to stop,
fermata,fermate,n,stop,
festeggiamento,festeggiamenti,n,celebration,
festeggiare,,v,to celebrate,
festival,festival,n,festival,
feudo,feudo/feudi,n,feud/fief,
fiaba,fiaba/fiabe,n,fairy tale,
fiamma,fiamma/fiamme,n,flame,
fiancheggiare,,v,to flank,
fianco,fianco/fianchi,n,flank/side,
fidanzata,fidanzata/fidanzate,n,fiancée,
fiero,fiero/fiera/fieri/fiere,adj,fierce/proud,
figlia,figlia/figlie,n,daughter,
figlio,figlio/figlia/figli/figlie,n,child/son,
figura,figura/figure,n,figure,
figurare,,v,to appear/to figure,
filmato,filmato/filmati,n,film/film footage,
film,film,n,film,
filosofo,filosofo/filosofi,n,philosopher,
finalizzare,,v,to finalize,
finanza,finanza/finanze,n,finance,
finanziare,,v,to finance,
finanziatore,finanziatore/finanziatori,n,financier,
fine,fine/fini/fin,n,aim/end/purpose,
finestra,finestra/finestre,n,window,
finestrino,finestrini,n,window,
fingere,,v,to pretend,
finire,,v,to end/to finish,
fiore,fiore/fiori,n,flower,
fiorire,,v,to flourish,
firma,firma/firme,n,signature/signing,
firmare,,v,to sign,
fissare,,v,to fix/to set,
fiume,fiume/fiumi,n,river,
flotta,flotta/flotte,n,fleet,
flusso,flusso/flussi,n,flow/flux/fluxes,
foglio,foglio/fogli,n,sheet,
folgore,folgore/folgori,n,lightning,
folla,folla/folle,n,crowd,
fondare,,v,to found,
fondatore,fondatore/fondatori,n,founder,
fondere,,v,to blend/to cast,
fondo,fondo/fondi,n,back/background/bottom,
fonte,fonte/fonti,n,source,
foresta,foresta/foreste,n,forest,
forma,forma/forme,n,form/shape,
formare,,v,to form,
formarsi,,v,to train,
formato,formato/formati,n,format,
formazione,formazione/formazioni,n,formation/training,
formula,formula/formule,n,formula,
formulare,,v,to formulate,
fornire,,v,to furnish/to provide,
forno,forni,n,oven,
fortificare,,v,to fortify,
fortificazione,fortificazione/fortificazioni,n,fortification,
fortuna,fortuna/fortune,n,fortune,
forza,forza/forze,n,force/strength,
forzare,,v,to force,
foto,foto,n,photo,
fotografare,,v,to photograph,
fotografia,fotografia/fotografie,n,photograph/photography,
francese,francese/francesi,adj,French,
franco,franco/franchi,n,Frank/franc,
frapporre,,v,to place,
frase,frase/frasi,n,phrase/sentence,
frate,frati,n,friar,
frazionare,,v,to divide,
frazione,frazione/frazioni,n,faction/fraction/hamlet,
frenare,,v,to brake/to check,
frequentare,,v,to attend/to frequent,
fruttare,,v,to yield,
frutto,frutto/frutti,n,fruit,
fucilare,,v,to shoot,
fuggire,,v,to flee,
fumare,,v,to smoke,
fumetto,fumetto/fumetti,n,comic,
funerale,funerale/funerali,n,funeral,
fungere,,v,to serve,
funivia,funivia/funivie,n,cable car,
funzionare,,v,to function,
funzionario,funzionario/funzionari,n,official,
funzione,funzione/funzioni,n,function,
fuoco,fuoco/fuochi,n,fire/focus,
furto,furto/furti,n,theft,
futurismo,futurismo,n,Futurism,
galleggiare,,v,to float,
gamba,gamba/gambe,n,leg,
gara,gara/gare,n,competition/race,
garantire,,v,to guarantee,
garanzia,garanzia/garanzie,n,guarantee,
gareggiare,,v,to compete,
gasteropode,gasteropodi,n,gastropod,
gatto,gatto/gatti,n,cat,
gazzella,gazzelle,n,gazelle,
gazzetta,gazzetta/gazzette,n,gazette,
gelato,gelato/gelati,n,ice cream,
gelo,gelo,n,frost/ice,
generale,generale/generali,n,general,
generalizzare,,v,to generalize,
generare,,v,to generate,
generazione,generazione/generazioni,n,generation,
genere,genere/generi,n,gender/genre/genus/kind,
genitore,genitore/genitori,n,parent,
gente,gente/genti,n,people,
geografia,geografia,n,Geography,
germanizzare,,v,to Germanize,
gestire,,v,to manage,
gesuita,gesuita/gesuiti,n,Jesuit,
gettare,,v,to lay/to throw,
ghiacciaio,ghiacciaio/ghiacciai,n,glacier,
giacimento,giacimento/giacimenti,n,deposit,
giardino,giardino/giardini,n,garden,
gimnosperma,gimnosperme,n,gymnosperm,
giocare,,v,to play,
giocatore,giocatore/giocatori,n,player,
giocattolo,giocattolo/giocattoli,n,toy,
gioco,gioco/giochi,n,game,
giornale,giornale/giornali,n,journal/newspaper,
giornalista,giornalisti/giornalista,n,journalist,
giornata,giornata/giornate,n,day,
giorno,giorno/giorni,n,day,
giovane,giovane/giovani,n,young/young man/young people,
girare,,v,to film/to shoot,
giro,giro/giri,n,RPM/course/lap,
girone,girone/gironi,n,group/round,
giudicare,,v,to judge,
giudice,giudice/giudici,n,judge,
giungere,,v,to arrive,
giurista,giurista/giuristi,n,jurist,
giustificare,,v,to justify,
giustiziare,,v,to execute,
godere,,v,to enjoy,
gola,gola/gole,n,throat,
governante,governanti/governante,n,governess/ruler,
governare,,v,to govern/to rule,
governo,governo/governi,n,government,
grado,grado/gradi,n,degree/rank,
grafica,grafica,n,graphic/graphic design,
grande,grande/gran/grandi,adj,great/large,
grazia,grazia/grazie,n,grace/mercy/thanks,
greco,greco/greci,n,Greek,
grembo,grembo/grembi,n,lap/womb,
grido,grido/grida,n,scream/cry,
grotta,grotta/grotte,n,cave,
gruppo,gruppo/gruppi,n,group,
guadagnare,,v,to earn/to gain,
guadagno,guadagno/guadagni,n,gain/profit,
guardare,,v,to look/to watch,
guardia,guardia/guardie,n,guard,
guardiano,guardiano/guardiani,n,guardian,
guarnire,,v,to adorn/to garnish,
guerra,guerra/guerre,n,war,
guerriero,guerriero/guerrieri,n,warrior,
guidare,,v,to guide/to lead,
icona,icona/icone,n,icon,
idea,idea/idee,n,idea,
ideale,ideale/ideali,n,ideal,
idealizzare,,v,to idealize,
ideare,,v,to conceive/to devise,
identificare,,v,to identify,
idrolizzare,,v,to hydrolyze,
ignorare,,v,to ignore,
il,il/lo/gli/i/la/le/l',art,the,
illustrare,,v,to illustrate,
illustrazione,illustrazione/illustrazioni,n,illustration,
imbarcare,,v,to embark,
imbarcazione,imbarcazione/imbarcazioni,n,vessel,
imbattere,,v,to come across,
imborghesire,,v,to gentrify,
imitare,,v,to imitate,
imparentare,,v,to relate,
impartire,,v,to give/to impart,
impatto,impatto/impatti,n,impact,
impecare,,v,to curse,
impedire,,v,to prevent,
impegnare,,v,to commit/to engage,
imperatore,imperatore/imperatrice/imperatori/imperatrici,n,emperor,
impero,impero/imperi,n,empire,
impiegare,,v,to employ/to use,
impiegato,impiegati,n,employee,
impiego,impiego/impieghi,n,employment/job/use,
implementare,,v,to implement,
implicare,,v,to imply,
imponere,,v,to impose,
imporre,,v,to impose,
imporsi,,v,to assert/to impose,
importanza,importanza,n,Importance,
importare,,v,to introduce/to matter,
impossessarsi,,v,to seize,
impostare,,v,to set it,
imprenditore,imprenditore/imprenditori,n,entrepreneur,
impressionare,,v,to impress,
imprigionare,,v,to imprison,
improntare,,v,to mark,
impugnare,,v,to grasp,
inaugurare,,v,to inaugurate,
incarcare,,v,to undertake,
incarcerare,,v,to imprison,
incaricare,,v,to charge,
incariccare,,v,to charge,
incarico,incarico/incarichi,n,assignment/duties/position,
incarnare,,v,to embody,
incatenare,,v,to chain,
incatenatura,incatenatura/incatenature,n,bracing,
incendio,incendio/incendi,n,fire,
incentrare,,v,to center,
incerdinare,,v,to root,
incidente,incidente/incidenti,n,accident/incident,
incidere,,v,to impact/to inscribe,
inclinare,,v,to incline,
includere,,v,to include,
incolonnare,,v,to line up,
incolpare,,v,to blame,
incominciare,,v,to begin,
incontrare,,v,to encounter/to meet,
incontro,incontro/incontri,n,encounter/meeting,
incoraggiare,,v,to encourage,
incoronare,,v,to crown,
incorporare,,v,to incorporate,
incrementare,,v,to increase,
incrociare,,v,to cross,
incuriosire,,v,to intrigue,
incursione,incursioni,n,incursions/raid,
incurvare,,v,to curve,
indagine,indagine/indagini,n,inquiry/investigation/survey,
indebolire,,v,to weaken,
indicare,,v,to indicate,
indicatore,indicatore/indicatori,n,indicator,
indicazione,indicazione/indicazioni,n,indication/instruction,
indicere,,v,to declare,
indirizzare,,v,to address,
individuare,,v,to identify/to spot,
individuo,individuo/individui,n,individual,
indossare,,v,to wear,
indurre,,v,to induce,
infiorescenza,infiorescenza/infiorescenze,n,inflorescence,
infliggere,,v,to inflict,
influenza,influenza/influenze,n,flu/influence,
influenzare,,v,to influence,
influire,,v,to influence,
infondere,,v,to infuse,
infrangere,,v,to break,
infrastruttura,infrastruttura/infrastrutture,n,infrastructure,
ingegnere,ingegnere/ingegneri,n,engineer,
ingegno,ingegno/ingegni,n,ingenuity/talent,
inglobare,,v,to incorporate,
ingrandire,,v,to enlarge,
in,in,prep,in/into,
iniziale,iniziale/iniziali,n,initial,
iniziare,,v,to begin,
iniziativa,iniziativa/iniziative,n,initiative,
inizio,inizio/inizi,n,beginning,
innalzare,,v,to raise,
innamorare,,v,to fall in love,
innocenza,innocenza,n,innocence,
innovazione,innovazione/innovazioni,n,innovation,
inondare,,v,to flood,
inondazione,inondazione/inondazioni,n,flood/inundation,
inquinare,,v,to pollute,
insabbiarsi,,v,to silt up,
insediamento,insediamento/insediamenti,n,settlement,
insediare,,v,to establish/to install,
insegna,insegna/insegne,n,insignia/sign,
insegnamento,insegnamento/insegnamenti,n,teaching,
insegnare,,v,to teach,
inseguire,,v,to chase/to pursue,
inserire,,v,to insert,
insetto,insetti,n,insect,
insignire,,v,to award/to invest,
insistere,,v,to insist,
insorgere,,v,to arise/to rise up,
installare,,v,to install,
instaurare,,v,to establish,
insufflare,,v,to insufflate,
integrare,,v,to integrate,
integrazione,integrazione/integrazioni,n,integration,
intelletto,intelletto/intelletti,n,intellect,
intendere,,v,to be understood/to intend,
intensificarsi,,v,to intensify,
interagire,,v,to interact,
intercettare,,v,to intercept,
interessare,,v,to affect/to interest,
interessarsi,,v,to be interested/to become interested,
interesse,interesse/interessi,n,interest,
interfaccia,interfaccia/interfacce,n,interface,
interferenza,interferenza/interferenze,n,interference,
interpretare,,v,to interpret/to perform,
interpretazione,interpretazione/interpretazioni,n,interpretation/performance,
interprete,interprete/interpreti,n,interpreter,
interrare,,v,to fill in/to plant,
interrompere,,v,to interrupt,
intersecare,,v,to intersect,
intervallo,intervallo/intervalli,n,interval,
intervenire,,v,to intervene,
intervento,intervento/interventi,n,intervention,
intitolare,,v,to entitle/to title,
intraprendere,,v,to undertake,
intrattenere,,v,to entertain/to entertain oneself,
intravedere,,v,to catch sight of,
intrecciare,,v,to interweave,
introducere,,v,to introduce,
introdurre,,v,to introduce,
introduzione,introduzione/introduzioni,n,introduction,
invadere,,v,to invade,
invalsare,,v,to establish,
invasare,,v,to pot,
invasione,invasione/invasioni,n,invasion,
inventare,,v,to invent,
inventore,inventore/inventori,n,inventor,
invenzione,invenzione/invenzioni,n,invention,
inverno,inverno/inverni,n,winter,
invertire,,v,to invert/to reverse,
investire,,v,to invest,
investitore,investitore/investitori,n,investor,
inviare,,v,to send,
invidia,invidia/invidie,n,envy,
invitare,,v,to invite,
ione,ione/ioni,n,ion,
ipotizzare,,v,to hypothesize,
ira,ira/ire,n,anger/wrath,
irritare,,v,to irritate,
irrompere,,v,to burst,
iscriversi,,v,to enroll,
isola,isola/isole,n,island,
isolare,,v,to isolate,
ispessire,,v,to thicken,
ispirare,,v,to be inspired/to inspire,
ispiratore,ispiratore/ispiratori,n,inspirer,
issare,,v,to hoist,
istituire,,v,to establish/to institute,
istituto,istituto/istituti,n,institute,
istituzione,istituzione/istituzioni,n,institution,
italianizzare,,v,to italianize,
italiano,italiano/italiani,n,Italian,
jean,jean/jeans,n,jean,
joystick,joystick,n,joystick,
labbro,labbro/labbra,n,lip,
laghetto,laghetto/laghetti,n,small lake,
lago,lago/laghi,n,lake,
laguna,laguna/lagune,n,lagoon,
lambire,,v,to lick,
lamento,lamento/lamenti,n,lament,
lampada,lampade,n,lamp,
lanciare,,v,to launch,
lasciare,,v,to leave,
latinizzare,,v,to latinize,
latino,latino/latini,n,Latin,
lato,lato/lati,n,side,
laurea,laurea/lauree,n,degree,
laureare,,v,to graduate,
laurearsi,,v,to graduate,
lavorare,,v,to work,
lavoratore,lavoratore/lavoratori,n,worker,
lavoro,lavoro/lavori,n,work,
leader,leader,n,leader,
lega,lega/leghe,n,alloy/league,
legame,legame/legami,n,bond/connection,
legare,,v,to bind/to link,
legge,legge/leggi,n,law,
leggenda,leggenda/leggende,n,legend,
leggere,,v,to read,
leggero,leggero/leggeri/leggera/leggere,adj,light,
legno,legno/legni,n,wood,
lena,lena,n,breath/stamina,
leone,leone/leoni,n,Lion,
letizia,letizia,n,joy/happiness,
lettera,lettera/lettere,n,letter,
lettore,lettore/lettori,n,reader,
levare,,v,to lift,
lezione,lezioni,n,lesson,
liberare,,v,to free/to liberate,
libertà,libertà,n,Liberty/freedom,
libro,libro/libri,n,book,
licenza,licenza/licenze,n,leave/license,
licenziare,,v,to dismiss,
lieto,lieto/lieta/lieti/liete,adj,happy/joyful,
lignificare,,v,to lignify,
limitare,,v,to limit,
limite,limite/limiti,n,limit,
linea,linea/linee,n,line,
linguaggio,linguaggio/linguaggi,n,language,
lingua,lingua/lingue,n,language/tongue,
lipide,lipidi,n,lipid,
lista,lista/liste,n,list,
liutaio,liutaio/liutai,n,luthier,
livello,livello/livelli,n,level,
località,località,n,localities/locality/location,
localizzare,,v,to localize/to locate,
logaritmo,logaritmo/logaritmi,n,logarithm,
logo,logo,n,logo,
lo,lo/la/li/le/l',pron,her/him/it/them,
longobardo,longobardo/longobardi/longobarda/longobarde,adj,Lombard,
longobardo,longobardo/longobardi,n,Lombard,
lordo,lordo/lorda/lordi/lorde,adj,dirty/gross,
loro,loro,adj,their,
loro,loro,pron,their/theirs/them,
lotta,lotta/lotte,n,struggle/wrestling,
luce,luce/luci,n,light,
luglio,luglio,n,July,
lunghezza,lunghezza/lunghezze,n,length/wavelength,
luogo,luogo/luoghi,n,place,
macchia,macchia/macchie,n,scrubland/spot,
macchina,macchina/macchine,n,camera/machine/to machine,
macrosporofillo,macrosporofilli,n,macrosporophyll,
maestra,maestra/maestre,n,teacher,
maggiordomo,maggiordomo,n,Mayor of the Palace/major-domo/majordomo,
maiale,maiale/maiali,n,pig,
mail,mail,n,mail,
malattia,malattia/malattie,n,disease/illness,
mancare,,v,to fail/to lack,
mandare,,v,to send/to send it,
mandria,mandria/mandrie,n,herd,
mangiare,,v,to eat,
manifestante,manifestante/manifestanti,n,demonstrators/protester,
manifestare,,v,to manifest,
manifestazione,manifestazione/manifestazioni,n,demonstration/event/manifestation,
manifesto,manifesto/manifesti,n,Manifesto/poster,
manipolare,,v,to manipulate,
mano,mano/mani,n,hand,
manovrare,,v,to maneuver,
mantenere,,v,to maintain,
manto,manto/manti,n,cloak/mantle,
manuale,manuale/manuali,n,manual,
mappa,mappa/mappe,n,map,
marchio,marchio/marchi,n,brand/mark/trademark,
marciare,,v,to march,
marco,marco/marchi,n,mark,
marea,marea/maree,n,tide,
mare,mar/mare/mari,n,sea,
margine,margine/margini,n,edge/margin,
marina,marina/marine,n,Navy/marina,
martire,martiri,n,martyr,
maschio,maschio/maschi,n,male,
massacrare,,v,to massacre,
matematico,matematico/matematici,n,mathematician,
materiale,materiale/materiali,n,material,
mattone,mattone/mattoni,n,brick,
maturare,,v,to mature,
meccanica,meccanica/mechanics/meccaniche,n,mechanics/mechanism,
medaglia,medaglia/medaglie,n,coin/medal,
media,media/medie,n,average/mean/media,
medico,medico/medici,n,doctor/physician,
medioevo,medioevo,n,Middle Ages,
meditare,,v,to meditate,
mela,mela/mele,n,apple,
meleto,meleti,n,apple orchard,
membrana,membrana/membrane,n,membrane,
membro,membro/membri,n,member,
memorizzare,,v,to memorize,
mente,mente/menti,n,mind,
menzionare,,v,to mention,
menzogna,menzogna/menzogne,n,lie,
meravigliare,,v,to amaze,
mercante,mercante/mercanti,n,merchant,
mercato,mercato/mercati,n,Market,
mercede,mercede/mercedi,n,reward/mercy,
mescolare,,v,to mix,
mese,mese/mesi,n,month,
messaggio,messaggio/messaggi,n,message,
metallo,metallo/metalli,n,metal,
metodo,metodo/metodi,n,method,
metro,m/metro/metri,n,meter,
mettere,,v,to put,
mettersi,,v,to put,
mezzo,mezzo/mezzi,n,means/medium,
microsporofillo,microsporofilli,n,microsporophyll,
migliaia,migliaia,n,thousand,
migliaio,migliaia,n,thousand,
miglio,miglia,n,mile,
miglioramento,miglioramento/miglioramenti,n,improvement,
migliorare,,v,to enhance/to improve,
migrare,,v,to migrate,
migrazione,migrazione/migrazioni,n,migration,
miliardo,miliardo/miliardi,n,billion,
milione,milione/milioni,n,million,
militare,militare/militari,n,military/soldier,
militare,,v,to serve,
mille,mille,adj,thousand,
mille,mille,n,Thousand,
millimetro,millimetri/mm,n,millimeter,
minaccia,minaccia/minacce,n,threat,
minacciare,,v,to threaten,
minatore,minatore/minatori,n,miner,
minerale,minerale/minerali,n,mineral,
mineralizzare,,v,to mineralize,
miniera,miniera/miniere,n,mine,
minimizzare,,v,to minimize,
ministro,ministro/ministri,n,minister,
minuto,min/minuto/minuti,n,minute,
mio,mio/mia/miei/mie,adj,my/mine,
miracolo,miracolo/miracoli,n,miracle,
mirare,,v,to aim,
miscela,miscela/miscele,n,mixture,
misera,misero/misera/miseri/misere,adj,miserable/wretched,
miseria,miseria/miserie,n,misery,
misericordia,misericordia/misericordie,n,mercy,
missile,missile/missili,n,missile,
missione,missione/missioni,n,mission,
mistero,mistero/misteri,n,Mysteries/mystery,
mistico,mistico/mistici,n,mystic,
misura,misura/misure,n,measure/measurement,
misurare,,v,to measure,
mitilo,mitili,n,mussel,
mito,mito/miti,n,myth,
mitragliatrice,mitragliatrice/mitragliatrici,n,machine gun,
mobilitare,,v,to mobilize,
modello,modello/modelli,n,model,
moderare,,v,to moderate,
modifica,modifica/modifiche,n,change/modification,
modificare,,v,to change/to modify,
modo,modo/modi,n,manner/mode/way,
molecola,molecola/molecole,n,molecule,
molla,molla/molle,n,spring,
mollusco,molluschi,n,mollusc/mollusk,
moltiplicare,,v,to multiply,
moltiplicazione,moltiplicazione/moltiplicazioni,n,multiplication,
monaco,monaco/monaci,n,monk,
mondo,mondo/mondi,n,World,
moneta,moneta/monete,n,coin,
monomero,monomeri,n,monomer,
monoposto,monoposto,n,single-seater,
monosaccaride,monosaccaride/monosaccaridi,n,monosaccharide,
montagna,montagna/montagne,n,mountain,
monte,monte,n,mount/mountain,
monumento,monumento/monumenti,n,monument,
mordere,,v,to bite,
morire,,v,to die,
morte,morti/morte,n,death,
mostra,mostra/mostre,n,Mostra/exhibition/festival,
mostrare,,v,to show,
mostrarsi,,v,to show oneself,
motivare,,v,to motivate,
motivazione,motivazione/motivazioni,n,motivation,
motivo,motivo/motivi,n,motif/reason,
movimento,movimento/movimenti,n,Movement,
multinazionale,multinazionali,n,multinational,
multiplo,multiplo/multipli,n,multiple,
munire,,v,to equip,
muovere,,v,to move,
muoversi,,v,to move,
mura,mura,n,wall,
muro,muro/muri/mura,n,wall,
musa,musa/muse,n,muse,
muscolo,muscolo/muscoli,n,muscle/mussels,
museo,museo/musei,n,museum,
musicista,musicista/musicisti,n,musician,
mutare,,v,to change,
narrare,,v,to be said/to narrate,
nascere,,v,to be born,
nascondere,,v,to hide,
naso,naso/nasi,n,nose,
naturalizzare,,v,to naturalize,
naufragare,,v,to sink/to shipwreck,
naufragio,naufragio/naufragi,n,shipwreck,
nave,nave/navi,n,ship,
navigatore,navigatore/navigatori,n,navigator,
nazifascismo,nazifascismo,n,Nazi-fascism,
nazionale,nazionale,n,National team/national,
nazione,nazione/nazioni,n,nation,
nazista,nazisti,n,Nazi,
necessitare,,v,to require,
negoziare,,v,to negotiate,
negozio,negozio/negozi,n,shop/transaction,
ne,n'/ne,pron,him/it/of it/of them/their/thereof,
nero,nero/neri,n,black/carbon black,
neutrone,neutrone/neutroni,n,neutron,
nevicata,nevicate,n,snowfall,
nido,nido/nidi,n,nest,
nobile,nobile/nobili,n,noble,
noia,noia/noie,n,boredom,
nome,nome/nomi,n,name,
nominare,,v,to appoint,
no,no,particle,no,
nord,nord,n,North,
normanno,normanni,n,Norman,
norma,norma/norme,n,norm/rule/standards,
normativa,normativa/normative,n,regulation,
nostro,nostro/nostra/nostri/nostre,adj,our/ours,
nota,nota/note,n,note,
notare,,v,to note/to notice,
notte,notte/notti,n,Night,
nube,nube/nubi,n,cloud,
nudo,nudo/nuda/nudi/nude,adj,naked,
numero,numero/numeri,n,number,
nutrire,,v,to feed/to harbor,
nutrirsi,,v,to feed oneself,
obbligare,,v,to oblige,
obbligo,obbligo/obblighi,n,obligation,
obiettivo,obiettivo/obbiettivi/obiettivi,n,objective,
occasione,occasione/occasioni,n,occasion,
occhio,occhio/occhi,n,eye,
occidente,occidente,n,West,
occorrere,,v,to need,
occupare,,v,to occupy,
oceano,oceano/oceani,n,ocean,
ode,ode/odi,n,ode,
offendere,,v,to offend,
officina,officina/officine,n,workshop,
offrire,,v,to offer,
oggetto,oggetto/oggetti,n,object,
olimpiade,olimpiade/olimpiadi,n,Olympiad/Olympics,
oltre,oltre,adv,besides/beyond/more than/over,
oltrepassare,,v,to cross,
omettere,,v,to omit,
omicidio,omicidio/omicidi,n,murder,
onda,onda/onde,n,air/wave,
onorare,,v,to honor,
onorificenza,onorificenza/onorificenze,n,honor/honours,
operaia,operaia/operaie,n,worker,
operaio,operai,n,worker,
opera,opera/opere,n,work,
operare,,v,to operate,
operatore,operatore/operatori,n,operator,
operazione,operazione/operazioni,n,operation,
opinione,opinione/opinioni,n,opinion,
opporre,,v,to oppose,
opporsi,,v,to oppose,
oppositore,oppositori,n,opponent,
opposizione,opposizione/opposizioni,n,opposition,
optare,,v,to opt,
ora,ora/ore,n,hour,
orbitare,,v,to orbit,
orchestra,orchestra/orchestre,n,orchestra,
ordinare,,v,to order,
ordine,ordine/ordini,n,Order,
orecchio,orecchio/orecchie,n,ear,
organismo,organismo/organismi,n,organism,
organizzare,,v,to organize,
organizzazione,organizzazione/organizzazioni,n,organization,
organo,organo/organi,n,body/organ,
orgoglio,orgoglio,n,pride,
orientare,,v,to orient,
oriente,oriente,n,East/Orient/the East,
originale,originale/originali,n,original,
originare,,v,to originate,
origine,origine/origini,n,origin,
orlo,orlo/orli,n,edge/hem,
ornamento,ornamento/ornamenti,n,ornament,
orribile,orribile/orribili,adj,horrible,
oscar,oscar,n,Oscar,
oscillare,,v,to oscillate,
oscuro,oscuro/oscura/oscuri/oscure,adj,dark,
ospitare,,v,to host,
osservare,,v,to observe,
osservazione,osservazione/osservazioni,n,observation,
ossessionare,,v,to obsess,
ossidare,,v,to oxidize,
ostacolare,,v,to hinder,
ostacolo,ostacolo/ostacoli,n,obstacle,
ostrica,ostriche,n,oyster,
ottenere,,v,to obtain,
ottimizzare,,v,to optimize,
otto,otto,n,eight,
ovest,ovest,n,West,
oziare,,v,to loiter,
pacchetto,pacchetto/pacchetti,n,package/packet,
padre,padre/padri,n,father,
padrone,padrone/padroni,n,master,
paesaggio,paesaggio/paesaggi,n,landscape,
pagamento,pagamento/pagamenti,n,payment,
pagina,pagina/pagine/pp,n,page,
palazzo,palazzo/palazzi,n,Palace/building,
palla,palla/palle,n,ball,
papa,papa/papi,n,pope,
paragonare,,v,to compare,
parassita,parassita/parassiti/parassite,n,parasite,
parata,parata/parate,n,parade,
parco,parco/parchi,n,park,
parente,parente/parenti,n,parent/relative,
parete,parete/pareti,n,wall,
parlamento,parlamento/parlamenti,n,Parliament,
parlare,,v,to speak,
parola,parola/parole,n,speech/word,
partecipante,partecipante/partecipanti,n,participant,
partecipare,,v,to participate,
parte,parte/parti,n,part,
particella,particella/particelle,n,particle,
partire,,v,to depart/to leave,
pascolo,pascolo/pascoli,n,pasture,
passare,,v,to pass,
passeggero,passeggero/passeggeri,n,passenger,
passione,passione/passioni,n,passion,
passo,passo/passi,n,pass/passage/passes,
pastiglia,pastiglia/pastiglie,n,lozenges/tablet,
patriarca,patriarca/patriarchi,n,patriarch,
patrimonio,patrimonio/patrimoni,n,fortune/heritage/patrimony,
patriota,patriota,n,patriot,
patrono,patrono/patroni,n,patron,
patto,patto/patti,n,Pact/agreement/terms,
paura,paura/paure,n,fear,
paziente,paziente/pazienti,n,patient,
peccato,peccato/peccati,n,sin,
pecchiaiolo,pecchiaiolo/pecchiaioli,n,honey buzzard,
peccio,peccio/pecci,n,spruce,
pellegrinaggio,pellegrinaggio/pellegrinaggi,n,pilgrimage,
pellicola,pellicola/pellicole,n,film,
pelo,peli,n,hair,
penna,penna/penne,n,feather/pen,
pensare,,v,to think,
pensiero,pensiero/pensieri,n,thought,
pentola,pentole,n,pot,
percepire,,v,to perceive,
percorrere,,v,to cover/to pursue,
percorso,percorso/percorsi,n,course/path/route,
percuotere,,v,to strike,
perdere,,v,to lose,
perfezionamento,perfezionamento/perfezionamenti,n,improvement/perfection,
perfezionare,,v,to perfect,
pericolo,pericolo/pericoli,n,danger,
periodico,periodico/periodici,n,periodical,
periodo,periodo/periodi,n,period,
perla,perle,n,pearl,
permettere,,v,to allow,
per,per,prep,by/for/in order to/per/through/to,
persecuzione,persecuzione/persecuzioni,n,persecution,
persistere,,v,to persist,
personaggio,personaggio/personaggi,n,character,
persona,persona/persone,n,person,
pervenire,,v,to arrive,
pesare,,v,to weigh,
pettine,pettine/pettini,n,comb/scallops,
piacere,,v,to please,
piaga,piaga/piaghe,n,wound/plague,
pianeta,pianeta/pianeti,n,planet,
piangere,,v,to cry,
piano,piano/piani/piana/piane,n,Piano/Plan/floor,
piantagione,piantagione/piantagioni,n,plantation,
pianta,pianta/piante,n,plant,
pianura,pianura/pianure,n,plain,
piegare,,v,to bend,
pietra,pietra/pietre,n,stone,
pigmento,pigmento/pigmenti,n,pigment,
pilota,pilota/piloti,n,pilot,
pilotare,,v,to pilot,
pino,pino/pini,n,pine,
pioggia,pioggia/piogge,n,rain,
pista,pista/piste,n,track/runway,
pizzicare,,v,to pluck,
placca,placche,n,plaque/plate,
planare,,v,to glide,
pneumatico,pneumatico/pneumatici,n,tire,
poesia,poesia/poesie,n,poem/poetry,
poggiare,,v,to rest/to lean,
poiana,poiana/poiane,n,buzzard,
polinomio,polinomi,n,polynomial,
polisaccaride,polisaccaride/polisaccaridi,n,polysaccharide,
politico,politico/politici,n,politician,
polo,polo/poli,n,pole,
polpastrello,polpastrello/polpastrelli,n,fingertip,
pomo,pomo/pomi,n,apple,
ponere,,v,to place/to put,
pontefice,pontefice/pontefici,n,pontiff,
ponte,ponte/ponti,n,bridge/deck,
popolamento,popolamento/popolamenti,n,population/settlement,
popolazione,popolazione/popolazioni,n,population,
popolo,popolo/popoli,n,people,
porco,porco/porci,n,pig,
porre,,v,to place/to put,
portale,portale/portali,n,portal,
porta,porta/porte,n,door/gate/goals,
portare,,v,to bring/to carry,
porto,porto/porti,n,port,
posa,posa/pose,n,pose,
posare,,v,to lay/to place,
posizionare,,v,to position,
posizione,posizione/posizioni,n,position,
possedere,,v,to have/to own,
possedimento,possedimento/possedimenti,n,possession,
posta,posta/poste,n,mail/post,
posto,posto/posti,n,place/position,
potenza,potenza/potenze,n,power,
potere,potere/poteri,n,power,
potere,,v,to be able,
pozzo,pozzo/pozzi,n,well,
prassi,prassi,n,practice,
praticante,praticanti/praticante,n,practitioner,
pratica,pratica/pratiche,n,practice,
precauzione,precauzioni,n,precaution,
precedere,,v,to precede,
precipitare,,v,to crash,
precipitazione,precipitazione/precipitazioni,n,precipitation,
precursore,precursore/precursori,n,precursor,
predare,,v,to prey,
predecessore,predecessore/predecessori,n,predecessor,
predicatore,predicatore/predicatori,n,preacher,
prediligere,,v,to prefer,
predisporre,,v,to arrange/to prepare,
preferenza,preferenza/preferenze,n,preference,
preferire,,v,to prefer,
pregare,,v,to pray,
preghiera,preghiera/preghiere,n,prayer,
pregiudizio,pregiudizi,n,prejudice,
premiare,,v,to award,
premio,premio/premi,n,Prize/award,
prendere,,v,to take,
preoccupare,,v,to worry,
preoccupazione,preoccupazione/preoccupazioni,n,concern,
preparare,,v,to prepare,
presa,presa/prese,n,capture/grip/recording,
presentare,,v,to present,
presenza,presenza/presenze,n,presence,
preservare,,v,to preserve,
presidente,presidente,n,President,
presiedere,,v,to preside,
pressione,pressione/pressioni,n,pressure,
prestare,,v,to lend/to take,
prestazione,prestazione/prestazioni,n,performance,
prestito,prestito/prestiti,n,loan,
presupporre,,v,to presuppose,
prevalere,,v,to prevail,
prevedere,,v,to foresee/to predict,
prezzo,prezzo/prezzi,n,price,
prigioniero,prigionieri,n,prisoner,
primato,primato/primati,n,primacy/record/supremacy,
primavera,primavera/primavere,n,spring,
primo,primo/primi,n,first,
primo,primo/primi/prima/prime,adj,first,
principe,principe/principi,n,prince,
principio,principio/principi,n,beginning/principle,
privare,,v,to deprive,
privatizzare,,v,to privatize,
privilegio,privilegio/privilegi,n,privilege,
problema,problema/problemi,n,problem,
problematica,problematiche,n,issue/problem/problematic,
procedere,,v,to proceed,
processo,processo/processi,n,process/processes/trial,
proclamare,,v,to proclaim,
proclamarsi,,v,to proclaim oneself,
prodotto,prodotto/prodotti,n,product,
produrre,,v,to produce,
produttore,produttore/produttori,n,manufacturer/producer,
produzione,produzione/produzioni,n,production,
professione,professione/professioni,n,profession,
professionista,professionista/professionisti,n,professional,
professore,professor/professore/professori,n,professor,
profeta,profeta/profeti,n,prophet,
profondità,profondità,n,depth,
progettare,,v,to design,
progetto,progetto/progetti,n,project,
programma,programma/programmi,n,program/programme,
proibizione,proibizione/proibizioni,n,prohibition,
promettere,,v,to promise,
promulgare,,v,to promulgate,
promuovere,,v,to promote,
pronunciare,,v,to pronounce,
proporre,,v,to propose,
proporzione,proporzione/proporzioni,n,proportion,
proposta,proposta/proposte,n,proposal,
propugnare,,v,to advocate,
proseguire,,v,to continue,
prospettare,,v,to suggest,
protagonista,protagonista/protagonisti,n,protagonist,
proteggere,,v,to protect/to protect oneself,
proteina,protein/proteine,n,protein,
protesta,protesta/proteste,n,protest,
protista,protisti,n,protist,
protocollo,protocollo/protocolli,n,protocol,
prototipo,prototipo,n,prototype,
provare,,v,to experience/to feel,
provenire,,v,to come,
provincia,provincia/province,n,autonomous province/province,
provocare,,v,to cause,
provvedere,,v,to provide/to provided,
provvedimento,provvedimento/provvedimenti,n,measure,
pubblicare,,v,to publish,
pubblicazione,pubblicazione/pubblicazioni,n,publication,
pubblicità,pubblicità,n,advertisement/advertising,
punta,punta/punte,n,point/tip,
puntare,,v,to aim,
punto,punto/punti,n,point,
quaderno,quaderno,n,notebook,
quadrante,quadrante/quadranti,n,quadrant/quarters,
quadrato,quadrato/quadrati,n,square,
qualificare,,v,to qualify,
quantificare,,v,to quantify,
quartiere,quartiere/quartieri,n,district/neighborhood/quarter,
quartile,quartile/quartili,n,quartile,
quattro,quattro,n,four,
questione,questione/questioni,n,issues/matter/question,
quinto,quinto/quinta/quinti/quinte,adj,fifth,
quota,quota/quote,n,altitude/depths/elevation,
quotidiano,quotidiano/quotidiani,n,newspaper,
rabbia,rabbia,n,rage,
rabbino,rabbino/rabbini,n,rabbi,
racchiudere,,v,to enclose,
raccogliere,,v,to collect/to gather,
raccoglitore,raccoglitori,n,gatherer,
raccontare,,v,to recount/to relate,
radar,radar,n,radar,
raddoppiare,,v,to double,
radere,,v,to raze,
radiare,,v,to strike off,
radiazione,radiazione/radiazioni,n,radiation,
radice,radice/radici,n,root,
radunare,,v,to gather,
raffigurare,,v,to depict,
rafforzare,,v,to strengthen,
ragazza,ragazza/ragazze,n,girl,
ragazzo,ragazzo/ragazzi,n,boy,
raggio,raggio/raggi,n,radius/range/ray,
raggiungere,,v,to reach,
raggruppamento,raggruppamento/raggruppamenti,n,grouping,
raggruppare,,v,to group,
ragionare,,v,to reason,
ragione,ragione/ragioni,n,account/reason,
rametto,rametto/rametti,n,small branch/twig,
rana,rana/rane,n,frog,
rapportare,,v,to relate,
rapporto,rapporto/rapporti,n,ratio/relationship,
rappresentante,rappresentante/rappresentanti,n,representative,
rappresentare,,v,to represent,
rappresentazione,rappresentazione/rappresentazioni,n,performance/representation,
rassegnare,,v,to submit,
ratificare,,v,to ratify,
reagire,,v,to react,
realizzare,,v,to realize,
realizzazione,realizzazione/realizzazioni,n,achievement/creation/execution,
reattore,reattore/reattori,n,reactor,
reazione,reazione/reazioni,n,reaction,
recarsi,,v,to go,
recepire,,v,to receive,
recipiente,recipiente/recipienti,n,container,
recitare,,v,to recite,
record,record,n,record,
recuperare,,v,to recover,
reddito,reddito/redditi,n,income,
redigere,,v,to draft,
referendum,referendum,n,referendum,
reggere,,v,to hold/to rule,
regime,regime/regimi,n,regime,
regina,regina,n,Queen,
regione,regione/regioni,n,region,
regista,regista/registi,n,director,
registrare,,v,to record/to register,
regnante,regnante/regnanti,n,ruler,
regnare,,v,to reign,
regno,regno/regni,n,kingdom/reign,
regola,regola/regole,n,rule,
regolare,,v,to regulate,
reintegrare,,v,to reinstate,
reinterpretare,,v,to reinterpret,
reintrodurre,,v,to reintroduce,
relazione,relazione/relazioni,n,relation/relationship/report,
religione,religione/religioni,n,religion,
relitto,relitto/relitti,n,remnant/wreck,
rendere,,v,to make/to render,
rendersi,,v,to become/to make oneself,
reparto,reparto/reparti,n,unit,
reperto,reperti,n,artifact/find/remains,
replicare,,v,to replicate,
reprimere,,v,to repress,
repubblica,repubblica/repubbliche,n,republic,
re,re/rei,n,king,
residenza,residenza/residenze,n,residence,
residuo,residuo/residui,n,residue,
resistenza,resistenza/resistenze,n,Resistance,
resistere,,v,to resist,
respingere,,v,to reject/to repel,
respirare,,v,to breathe,
restare,,v,to remain/to stay,
restaurare,,v,to restore,
restituire,,v,to restore/to return,
resto,resto/resti,n,remain/remnant/rest,
restringere,,v,to narrow,
rete,rete/reti,n,network,
retta,retta/rette,n,line,
reverenza,reverenza/reverenze,n,reverence,
revisione,revisione/revisioni,n,revision,
revocare,,v,to evoke,
riacquistare,,v,to regain,
riaffermare,,v,to reaffirm,
riammettere,,v,to readmit,
riannettere,,v,to reannex,
riapparire,,v,to reappear,
riassumere,,v,to sum up/to summarize,
ribaltare,,v,to overturn,
ribattezzare,,v,to rename,
ribellare,,v,to rebel,
ribellarsi,,v,to rebel,
ribellione,ribellione/ribellioni,n,rebellion,
ricadere,,v,to fall,
ricalcare,,v,to echo,
ricavare,,v,to derive/to earn,
ricercare,,v,to search/to search for,
ricercatore,ricercatore/ricercatori,n,researcher,
ricevere,,v,to receive,
richiamare,,v,to recall,
richiedere,,v,to require,
richiesta,richiesta/richieste,n,demand/request,
ricominciare,,v,to resume,
ricomporre,,v,to heal,
ricondurre,,v,to trace back,
riconfermare,,v,to reconfirm,
riconoscere,,v,to recognize,
riconoscimento,riconoscimento/riconoscimenti,n,award/recognition,
riconquistare,,v,to reconquer,
riconvertire,,v,to reconvert,
ricoprire,,v,to cover/to hold,
ricordare,,v,to remember,
ricorrere,,v,to occur/to resort,
ricostruire,,v,to rebuild/to reconstruct,
ridere,,v,to laugh,
ridistribuire,,v,to redistribute,
ridurre,,v,to reduce,
riempire,,v,to fill,
rientrare,,v,to return,
rifacersi,,v,to base oneself,
rifare,,v,to recreate,
riferimento,riferimento/riferimenti,n,reference,
riferire,,v,to refer,
riferirsi,,v,to refer,
rifiutare,,v,to refuse,
riflessione,riflessione/riflessioni,n,reflection,
riflettere,,v,to reflect,
rifocillare,,v,to refresh,
rifondarsi,,v,to refound,
riformare,,v,to reform,
riforma,riforma/riforme,n,reform,
rifornire,,v,to supply,
rifugiare,,v,to take refuge,
rifugio,rifugio/rifugi,n,refuge/shelter,
riga,riga/righe,n,line/row/straightedge,
riguardare,,v,to concern,
riguardo,riguardo/riguardi,n,regard,
rilasciare,,v,to release,
rilevare,,v,to be found/to detect,
rilievo,rilievo/rilievi,n,importance/relief,
rimandare,,v,to postpone/to remain,
rimanere,,v,to remain,
rimarcare,,v,to note,
rimettere,,v,to put back,
rimovere,,v,to remove,
rimuovere,,v,to remove,
rinascere,,v,to be reborn,
rinaturalizzarsi,,v,to renaturalize,
rinchiudere,,v,to enclose,
rinfacciare,,v,to reproach,
rinforzare,,v,to strengthen,
rinnovare,,v,to renew/to renewed,
rinominare,,v,to rename,
rinunciare,,v,to renounce,
rinvenire,,v,to find,
rinviare,,v,to postpone,
rione,rione/rioni,n,district/neighborhood,
riorganizzare,,v,to reorganize,
riorganizzarsi,,v,to reorganize,
riottenere,,v,to regain,
riparare,,v,to go/to repair it,
ripararsi,,v,to shelter oneself,
ripercorrere,,v,to retrace,
ripetere,,v,to repeat,
riportare,,v,to bring back/to report,
riposare,,v,to rest,
riprendere,,v,to recover/to resume,
ripresentare,,v,to present,
risalire,,v,to date back,
riscaldare,,v,to heat,
rischiare,,v,to risk,
rischio,rischio/rischi,n,risk,
riscontrare,,v,to find,
riscontro,riscontro/riscontri,n,confirmation/evidence,
riscoprire,,v,to rediscover,
riscuotere,,v,to collect/to win,
riserva,riserva/riserve,n,reservation/reserve,
risiedere,,v,to reside,
risolvere,,v,to resolve,
risorsa,risorsa/risorse,n,resource,
risparmiare,,v,to spare,
risparmio,risparmio,n,saving,
rispecchiare,,v,to reflect,
rispedire,,v,to send back,
rispettare,,v,to respect,
rispolverare,,v,to revive,
rispondere,,v,to answer/to respond,
risposare,,v,to remarry,
risposarsi,,v,to remarry,
rispuntare,,v,to regrow,
risultare,,v,to result,
risultato,risultato/risultati,n,result,
risvegliarsi,,v,to wake up,
ritarre,,v,to depict,
ritenere,,v,to believe/to hold,
ritirare,,v,to retreat/to withdraw,
ritirarsi,,v,to retire/to retreat,
rito,rito/riti,n,rite/ritual,
ritornare,,v,to return,
ritrovamento,ritrovamento/ritrovamenti,n,discoveries/discovery/finding,
ritrovare,,v,to find/to recover,
riunire,,v,to gather,
riuscire,,v,to succeed/to manage,
riutilizzare,,v,to reuse,
rivaleggiare,,v,to rival,
rivalutare,,v,to reassess/to revalue,
riva,riva/rive,n,bank/shore,
rivedere,,v,to revise/to see again,
rivelare,,v,to reveal,
rivelarsi,,v,to prove/to reveal,
rivendere,,v,to resell,
rivendicare,,v,to claim,
riversarsi,,v,to pour,
rivestire,,v,to cover/to face,
rivista,rivista/riviste,n,journal/magazine,
rivolgere,,v,to turn,
rivolta,rivolta/rivolte,n,rebellion/revolt,
rivoluzione,rivoluzione/rivoluzioni,n,Revolution,
roccaforte,roccaforte/roccaforti,n,stronghold,
romano,romano/romani/romana/romane,adj,Roman,
romanzo,romanzo/romanzi,n,novel,
rompere,,v,to break,
rovesciare,,v,to overthrow,
rubare,,v,to steal,
run,run,n,run,
ruolo,ruolo/ruoli,n,role,
ruotare,,v,to rotate,
rupe,rupe/rupi,n,cliff,
saccheggiare,,v,to plunder/to sack,
sacrificio,sacrificio/sacrifici,n,sacrifice,
sacro,sacro/sacra/sacri/sacre,adj,sacred,
saggio,saggio/saggi,n,essay/sage,
sala,sala/sale,n,hall/room/theaters,
sale,sal/sale/sali,n,salt,
salire,,v,to ascend/to go up,
saltare,,v,to jump,
salutare,,v,to greet,
salvaguardare,,v,to protect,
salvare,,v,to save,
sancire,,v,to sanction,
santo,san/santo/santi,n,Saint,
sapere,,v,to know,
satellite,satellite/satelliti,n,satellite,
sazio,sazio/sazia/sazi/sazie,adj,satiated,
sbaragliare,,v,to crush,
sbarcare,,v,to land,
sbarco,sbarco/sbarchi,n,Landing/disembarking,
sbarrare,,v,to block,
sboccare,,v,to open,
sbocciare,,v,to bloom,
sbocco,sbocco/sbocchi,n,mouth/outlet,
sbottonare,,v,to unbutton,
scacciare,,v,to drive out,
scaglia,scaglie,n,scale,
scala,scala/scale,n,ladder/scale/stair,
scalzare,,v,to oust,
scambiare,,v,to exchange,
scambio,scambio/scambi,n,exchange/trade,
scampare,,v,to escape,
scandire,,v,to scan,
scaraventare,,v,to hurl,
scarpa,scarpa/scarpe,n,batter/shoe,
scatenare,,v,to trigger,
scattare,,v,to begin/to take,
scaturire,,v,to stem,
scavare,,v,to dig/to excavate,
scavo,scavo/scavi,n,excavation,
scegliere,,v,to choose,
scellino,scellini,n,shilling,
scelta,scelta/scelte,n,choice,
scena,scena/scene,n,scene,
scendere,,v,to descend,
schedare,,v,to catalogue,
scheda,scheda/schede,n,board/card/entry,
scheletro,scheletro/scheletri,n,skeleton,
schema,schema/schemi,n,pattern/schema/scheme,
schiavo,schiavi,n,slave,
schierarsi,,v,to side,
sciamare,,v,to swarm,
scienza,scienza/scienze,n,Sciences/science,
scienziato,scienziato/scienziati,n,scientist,
scindere,,v,to split,
sciogliere,,v,to dissolve,
sciogliersi,,v,to dissolve,
sciopero,sciopero/scioperi,n,strike,
scivolare,,v,to glide,
scogliera,scogliera/scogliere,n,cliff,
scoglio,scogli,n,cliff/rock,
scomparire,,v,to disappear,
scompigliare,,v,to scatter,
scomunicare,,v,to excommunicate,
sconfiggere,,v,to defeat,
sconfitta,sconfitta/sconfitte,n,defeat,
scontrare,,v,to clash,
scontrarsi,,v,to clash,
scoperta,scoperta/scoperte,n,discovery,
scopo,scopo/scopi,n,aim/purpose,
scoppiare,,v,to break out,
scoprire,,v,to discover,
scoraggiare,,v,to discourage,
scorporare,,v,to separate,
scorrere,,v,to flow,
scossa,scossa/scosse,n,jolt/quake/shock,
scritto,scritto/scritti/scritta,n,writing,
scrittura,scrittura/scritture,n,script/write/writing,
scrivere,,v,to write,
scuola,scuola/scuole,n,school,
scuotere,,v,to shake,
sdoppiare,,v,to split,
seccare,,v,to dry,
secolo,secolo/secoli,n,century,
secondo,secondo/secondi/seconda,n,second,
secondo,secondo/secondi/seconda/seconde,adj,second,
sedare,,v,to quell,
sede,sede/sedi,n,capacity/context/headquarters,
sedici,sedici,n,sixteen,
sedimento,sedimento/sedimenti,n,sediment,
segmentare,,v,to segment,
segmento,segmento/segmenti,n,segment,
segnalare,,v,to point out/to signal,
segnale,segnale/segnali,n,signal,
segnare,,v,to mark,
segno,segno/segni,n,sign/target,
seguace,seguaci,n,follower,
seguire,,v,to follow,
seguito,seguito,n,following/sequel,
sei,sei,n,six,
selce,selce/selci,n,flint,
selezionare,,v,to select,
sembrare,,v,to seem,
seme,seme/semi,n,seed/suit,
seminario,seminario/seminari,n,seminar/seminary,
semplificare,,v,to simplify,
senatore,senatore/senatori,n,senator,
senno,senno,n,wisdom/sense,
seno,seno/seni,n,breast/bosom,
sentiero,sentiero/sentieri,n,path,
sentimento,sentimento/sentimenti,n,feeling/sentiment,
sentire,,v,to feel/to hear,
sentirsi,,v,to feel,
separare,,v,to separate/to separate them,
seppellire,,v,to bury,
sequenza,sequenza/sequenze,n,sequence,
sera,sera/sere,n,evening,
serata,serata/serate,n,evening,
sereno,sereno/serena/sereni/serene,adj,serene,
serpente,serpente/serpenti,n,snake/serpent,
servire,,v,to be needed/to serve,
servitore,servitore,n,servant,
servizio,servizio/servigi/servizi,n,service,
sesto,sesta/sesto,adj,sixth,
setacciare,,v,to sift,
setaccio,setaccio/setacci,n,sieve,
set,set,n,set,
settanta,settanta,n,seventies/seventy,
settembre,settembre,n,September,
settimana,settimana/settimane,n,week,
settimo,settima/settimo,adj,seventh,
settore,settore/settori,n,sector,
sezionare,,v,to dissect,
sezione,sezione/sezioni,n,section,
sfaldare,,v,to disintegrate/to peel,
sfasciare,,v,to smash,
sfatare,,v,to debunk,
sfera,sfera/sfere,n,sphere,
sferrare,,v,to launch,
sfidare,,v,to challenge,
sfida,sfida/sfide,n,challenge,
sfiorare,,v,to almost reach,
sfociare,,v,to flow/to flow into,
sfollare,,v,to evacuate,
sforzo,sforzo/sforzi,n,effort/stresses,
sfruttare,,v,to exploit,
sfuggire,,v,to escape,
sfumatura,sfumatura/sfumature,n,shade/shading/tint,
sguardo,sguardo/sguardi,n,gaze/look,
sia,sia,conj,both/either/whether,
siglare,,v,to seal,
sigla,sigla/sigle,n,abbreviation/acronym,
significare,,v,to mean,
significato,significato/significati,n,meaning/significance,
signore,signor/signore/signori,n,Lord/gentleman/sir,
simbolo,simbolo/simboli,n,symbol,
simulazione,simulazioni,n,simulation,
sincero,sincero/sincera/sinceri/sincere,adj,sincere,
sincronizzare,,v,to synchronize,
sintetizzare,,v,to synthesize,
si,si,particle,itself/oneself/reflexive particle,
si,si,pron,each other/herself/himself/itself/oneself/themselves,
sistemare,,v,to arrange/to place,
sistema,sistema/sistemi,n,system,
sito,sito/siti,n,site,
situare,,v,to situate,
situazione,situazione/situazioni,n,situation,
slot,slot,n,slot,
smaltare,,v,to enamel,
smalto,smalti,n,enamel,
smantellare,,v,to dismantle,
smettere,,v,to stop,
smile,smile,n,smiley,
soave,soave/soavi,adj,gentle/sweet,
socialista,socialista/socialisti,n,socialist,
società,società,n,society,
soffiare,,v,to blow,
soffrire,,v,to suffer,
soggetto,soggetto/soggetti,n,subject,
soggiornare,,v,to sojourn,
solcare,,v,to furrow,
soldato,soldato/soldati,n,soldier,
sollecitare,,v,to urge,
sollevare,,v,to arise/to lift it,
solstizio,solstizio/solstizi,n,solstice,
soluzione,soluzione/soluzioni,n,solution,
soma,soma/some,n,burden/load,
somma,somma/somme,n,sum,
sopportare,,v,to bear/to endure,
sopprimere,,v,to suppress,
soprannominare,,v,to nickname,
sopravvivere,,v,to survive,
sorella,sorella/sorelle,n,sister,
sorgente,sorgente/sorgenti,n,source/spring,
sorgere,,v,to rise,
sorprendere,,v,to surprise,
sospendere,,v,to suspend,
sospettare,,v,to suspect,
sospetto,sospetto/sospetti,n,suspicion,
sostanza,sostanza/sostanze,n,substance,
sostare,,v,to stay,
sostenere,,v,to support,
sostenitore,sostenitore/sostenitori,n,supporter,
sostituire,,v,to replace/to substitute,
sostituto,sostituto/sostituti,n,substitute,
sottoclasse,sottoclasse/sottoclassi,n,Subclass/subclasses,
sottolineare,,v,to underline,
sottomarino,sottomarino/sottomarini,n,submarine,
sottomettere,,v,to subdue,
sottoponere,,v,to subject,
sottoporre,,v,to subject/to submit,
sottoscrivere,,v,to subscribe/to undersign,
sottrarre,,v,to escape/to remove,
sovrano,sovrano/sovrani,n,sovereign,
sovrapporre,,v,to overlap,
sovrastruttura,sovrastruttura/sovrastrutture,n,superstructure,
sovvertere,,v,to overthrow,
spaccare,,v,to split,
spalla,spalle,n,back/shoulders,
spalmare,,v,to coat,
sparare,,v,to shoot,
spargere,,v,to scatter,
sparire,,v,to disappear,
sparizione,sparizione/sparizioni,n,disappearance,
sparpagliarsi,,v,to scatter,
spartire,,v,to divide,
spaventare,,v,to frighten,
spazio,spazi/spazio,n,space,
specchio,specchio/specchi,n,mirror,
specializzare,,v,to specialize,
specificare,,v,to specify,
spedire,,v,to send,
spedizione,spedizione/spedizioni,n,Expedition,
spegnere,,v,to turn off,
spendere,,v,to spend,
speranza,speranza/speranze,n,hope,
sperare,,v,to hope,
sperimentare,,v,to experience/to experiment,
sperimentazione,sperimentazione/sperimentazioni,n,experimentation,
spesa,spese,n,expense,
spettare,,v,to belong/to fall to,
spettatore,spettatore/spettatori,n,spectator,
spezzare,,v,to break,
spiccare,,v,to stand out,
spiccolare,,v,to soar,
spiegare,,v,to explain,
spiegazione,spiegazione/spiegazioni,n,explanation,
spingere,,v,to push,
spirare,,v,to breathe one's last/to expire,
spirito,spirito,n,Spirit,
splendore,splendore/splendori,n,splendor,
sponda,sponda/sponde,n,bank/shore,
sporofillo,sporofilli,n,sporophyll,
sposare,,v,to marry,
sposarsi,,v,to marry,
spostamento,spostamento/spostamenti,n,displacement/movement/shift,
spostare,,v,to move,
sprigionare,,v,to release,
spugna,spugna/spugne,n,sponge,
spuntare,,v,to sprout,
squadra,squadra/squadre,n,squad/team,
stabilimento,stabilimento/stabilimenti,n,establishment/plant,
stabilire,,v,to establish,
staccare,,v,to detach/to separate,
stagione,stagione/stagioni,n,season,
stagno,stagni,n,pond,
stampare,,v,to print,
stampa,stampa/stampe,n,press/presses/print,
stanco,stanco/stanca/stanchi/stanche,adj,tired,
standard,standard,n,standard,
stanza,stanza/stanze,n,garrison/posting/room,
stare,,v,to be/to stay,
statistica,statistica/statistiche,n,statistic/statistical,
stato,stato/stati,n,state,
statua,statua/staua/statue,n,statue,
statuto,statuto/statuti,n,statute,
stazione,stazione/stazioni,n,station,
stella,stella/stelle,n,star,
stendere,,v,to spread,
stesura,stesura/stesure,n,composition/drafting,
stilare,,v,to draw up,
stile,stile/stili,n,style,
stilizzare,,v,to stylize,
stimare,,v,to estimate,
stipulare,,v,to stipulate,
stolto,stolto/stolta/stolti/stolte,adj,foolish,
storia,storia/storie,n,History/histories/stories,
storico,storico/storici,n,historian,
stormo,stormo/stormi,n,flock,
strada,strada/strade,n,road/street,
strage,strage/stragi,n,massacre/slaughter,
straripare,,v,to overflow,
stratificare,,v,to stratify,
strato,strato/strati,n,layer,
strazio,strazio/strazi,n,torment/anguish,
stremare,,v,to exhaust,
stringere,,v,to forge,
striscia,striscia/strisce,n,strip/stripe,
strofinare,,v,to rub,
stroncere,,v,to crush,
strumento,strumento/strumenti,n,instrument/tool,
strutturare,,v,to structure,
struttura,struttura/strutture,n,structure,
studente,studente/studenti,n,student,
studiare,,v,to study,
studioso,studioso/studiosi,n,scholar,
studio,studio/studi,n,studio/study,
subcontinente,subcontinente/subcontinenti,n,subcontinent,
subire,,v,to suffer/to undergo,
subordinare,,v,to subordinate,
succedere,,v,to happen/to succeed,
successore,successore/successori,n,successor,
suddividere,,v,to subdivide,
sud,sud,n,South,
suggerire,,v,to suggest,
suicidarsi,,v,to commit suicide,
suonare,,v,to play/to sound,
suono,suono/suoni,n,sound,
suora,suora/suore,n,nun,
suo,suo/sua/suoi/sue,adj,his/her/hers/its,
superare,,v,to exceed/to overcome,
superbia,superbia,n,pride,
superbo,superbo/superba/superbi/superbe,adj,proud/superb,
superficie,superficie/superfici,n,area/surface,
superstite,superstite/superstiti,n,survivor,
supporre,,v,to suppose,
supportare,,v,to support,
suscitare,,v,to arouse,
susseguire,,v,to follow,
svedese,svedese/svedesi,n,Swede,
svegliarsi,,v,to wake up,
sventolare,,v,to wave,
sviluppare,,v,to develop,
svilupparsi,,v,to develop,
sviluppo,sviluppo/sviluppi,n,development,
svolgere,,v,to carry out/to conduct,
svolgersi,,v,to take place,
svuotare,,v,to empty,
tagliare,,v,to cut,
tappa,tappa/tappe,n,leg/stage,
tartufo,tartufo/tartufi,n,truffle,
tassonomia,tassonomia,n,Taxonomy,
tasso,tasso/tassi,n,rate,
tastiera,tastiera/tastiere,n,fingerboard/fretboard/keyboard,
tavola,tavola/tavole,n,board/table,
tecnica,tecnica/tecniche,n,technique,
tedesco,tedesco/tedeschi,n,German,
telecomunicazione,telecomunicazione/telecomunicazioni,n,telecommunication,
telefonare,,v,to call/to telephone,
tellina,telline,n,tellin,
tema,tema/temi,n,theme,
tematica,tematica/tematiche,n,thematic/theme,
temere,,v,to fear,
temperatura,temperatura/temperature,n,temperature,
tempio,tempio/templi,n,temple,
tempo,tempo/tempi,n,time/weather,
tendenza,tendenza/tendenze,n,tendency,
tendere,,v,to stretch/to tend,
tenere,,v,to be obliged/to hold,
tenersi,,v,to be held/to keep,
tensione,tensione/tensioni,n,tension,
tentare,,v,to attempt,
tentativo,tentativo/tentativi,n,attempt,
teorizzare,,v,to theorize,
terminale,terminale/terminali,n,terminal,
terminal,terminal,n,terminal,
terminare,,v,to end/to terminate,
termine,termine/termini,n,term,
terra,terra/terre,n,earth/land,
terremoto,terremoto/terremoti,n,earthquake,
terreno,terreno/terreni,n,ground/land/soil,
territorio,territorio/territori,n,territory,
terrorizzare,,v,to terrify,
terzo,terzo/terzi,n,third,
tesoro,tesoro/tesori,n,treasure,
tessuto,tessuto/tessuti,n,fabric/tissue,
testa,testa/teste,n,head,
testimoniare,,v,to testify,
testo,testo/testi,n,text,
tetto,tetto/tetti,n,roof,
tingere,,v,to dye,
tipo,tipo/tipi,n,type,
tirare,,v,to throw,
titolo,titolo/titoli,n,title,
toccare,,v,to reach/to touch,
togliere,,v,to remove,
tomba,tomba/tombe,n,tomb,
tonnellata,tonnellata/tonnellate,n,ton,
toponimo,toponimo/toponimi/toponymi,n,place name/toponym,
torcere,,v,to twist,
tormento,tormento/tormenti,n,torment,
tornare,,v,to return,
torneo,torneo/tornei,n,tournament,
torre,torre/torri,n,rook/tower,
tortura,tortura/torture,n,torture,
tossicodipendente,tossicodipendenti,n,drug addict,
totalizzare,,v,to total,
tracciare,,v,to trace,
tracciato,tracciato/tracciati,n,layout/route/track,
traccia,traccia/tracce,n,trace/track,
tradire,,v,to betray,
tradizione,tradizione/tradizioni,n,tradition,
tradurre,,v,to translate/to translate them,
traduzione,trad/traduzione/traduzioni,n,translation,
trama,trama/trame,n,plot/weft,
tramontare,,v,to set,
transistor,transistor,n,Transistor,
transitare,,v,to pass,
trapelare,,v,to leak,
trarre,,v,to derive/to draw,
trascinarsi,,v,to drag oneself,
trascorrere,,v,to spend,
trascrivere,,v,to transcribe,
trascurare,,v,to neglect,
trasferire,,v,to move/to transfer,
trasferirsi,,v,to move/to transfer,
trasformare,,v,to transform,
trasformarsi,,v,to transform,
trasformazione,trasformazione/trasformazioni,n,transformation,
traslitterare,,v,to transliterate,
trasmettere,,v,to broadcast/to transmit,
trasmissione,trasmissione/trasmissioni,n,broadcast/transmission,
trasportare,,v,to transport,
trasporto,trasporto/trasporti,n,transport,
trattare,,v,to be/to be about,
trattativa,trattativa/trattative,n,negotiation,
trattato,trattato/trattati,n,Treaties/Treaty/treatise,
tratta,tratta/tratte,n,route,
tratto,tratto/tratti,n,section/stretch,
travolgere,,v,to overwhelm/to sweep away,
tribunale,tribunali,n,court/tribunals,
tributo,tributo/tributi,n,tribute,
tribù,tribù,n,tribe,
trionfare,,v,to triumph,
trofeo,trofeo,n,Trophy,
tronco,tronco/tronchi,n,trunk,
trovare,,v,to find,
trovarsi,,v,to find oneself,
trucidare,,v,to slaughter,
truppa,truppe,n,troop,
tubo,tubo/tubi,n,tube,
tuffare,,v,to dive,
tuo,tuo/tua/tuoi/tue,adj,your/yours,
turbare,,v,to disturb,
turco,turco/turchi,n,Turk/Turkish,
turismo,turismo,n,tourism,
uccello,uccello/uccelli,n,bird,
uccidere,,v,to kill,
ufficiale,ufficiale/ufficiali,n,officer/official,
ufficio,ufficio/uffici,n,office,
unghia,unghia/unghie,n,claw/nail,
unificare,,v,to unify,
uniforme,uniformi,n,uniform,
unione,unione,n,Union,
unire,,v,to join/to unite,
unirsi,,v,to join/to unite,
unità,unità,n,unit/unity,
unito,unito/uniti/unita/unite,adj,united,
università,università,n,University/universities,
unno,unni,n,Hun,
uno,un/una/uno,n,one,
uno,un/uno/una,adj,a/one,
un,un/un'/una/uno,art,a/an,
uomo,uomo/uomini,n,man,
upaniṣad,upaniṣad,n,Upanishad,
urtare,,v,to strike,
usare,,v,to use,
uscire,,v,to exit/to go out,
uso,uso/usi,n,use,
usufruire,,v,to benefit,
utente,utente/utenti,n,user,
utilizzare,,v,to use,
utilizzo,utilizzo/utilizzi,n,use,
valere,,v,to assert/to be worth,
vallata,vallata/vallate,n,valley,
valle,val/valle/valli,n,downstream/valley,
valore,valore/valori,n,value,
valorizzare,,v,to enhance/to valorize,
valva,valva/valve,n,valve,
vangelo,vangelo/vangeli,n,gospel,
vanificare,,v,to nullify,
vantaggio,vantaggio/vantaggi,n,advantage,
vantare,,v,to boast,
varare,,v,to launch,
varcare,,v,to cross,
variante,variante/varianti,n,variant,
variare,,v,to vary,
variazione,variazione/variazioni,n,variation,
vassallo,vassallo/vassalli,n,vassal,
vecchio,vecchio/vecchi,n,Old/old men/old people,
vedare,,v,to see,
vedere,,v,to see,
vedova,vedova/vedove,n,widow,
veduta,veduta/vista,n,view,
vegetale,vegetali,n,plant,
vegetare,,v,to grow,
veicolo,veicolo/veicoli,n,vehicle,
vela,vela/vele,n,sail,
vena,vena/vene,n,vein,
vendere,,v,to sell,
vendicare,,v,to avenge,
vendita,vendita/vendite,n,sale,
venerare,,v,to venerate,
veneto,veneto/veneti,n,Venetian,
venire,,v,to come,
venti,venti,adj,twenty,
venti,venti,n,twenty,
vento,vento/venti,n,wind,
vergogna,vergogna/vergogne,n,shame,
verificare,,v,to verify,
verificarsi,,v,to occur,
verità,verità,n,truth,
vermiglio,vermiglio/vermiglia/vermigli/vermiglie,adj,vermilion/red,
versare,,v,to pay,
versione,versione/versioni,n,version,
verso,verso/versi,n,aspects/call/direction,
vertebrato,vertebrati,n,vertebrate,
vescovato,vescovato/vescovati,n,bishopric,
vescovo,vescovo/vescovi,n,bishop,
vestire,,v,to dress,
vettura,vettura/vetture,n,car/vehicle,
viaggiatore,viaggiatore/viaggiatori,n,traveler/traveller,
viaggio,viaggio/viaggi,n,journey/travel/voyage,
via,via/vie,n,street/way,
vicenda,vicenda/vicende,n,event/story/turn,
vichingo,vichingo/vichinghi,n,Viking,
vicino,vicino/vicini,n,near/neighbor,
vicolo,vicolo/vicoli,n,alley,
videogioco,videogioco/videogiochi,n,video game,
video,video,n,video,
vietare,,v,to forbid,
vigneto,vigneti,n,vineyard,
villaggio,villaggio/villaggi,n,village,
villa,villa/ville,n,villa,
vincere,,v,to win,
vincitore,vincitore/vincitori,n,winner,
viola,viola/viole,n,viola,
violazione,violazione/violazioni,n,violation,
violino,violino/violini,n,violin,
virare,,v,to turn,
visione,visione/visioni,n,viewing/vision,
visitare,,v,to visit,
visualizzare,,v,to display/to view,
vittima,vittima/vittime,n,victim,
vivere,,v,to live,
vizio,vizio/vizi,n,vice,
voce,voce/voci,n,voice/entry,
volare,,v,to fly,
volere,,v,to mean/to want,
volgere,,v,to turn,
volontario,volontari,n,volunteer,
volo,volo/voli,n,Flight,
voltare,,v,to turn,
volta,volta/volte,n,time,
volteggiare,,v,to circle,
volume,vol/volume/volumi,n,volume,
vongola,vongole,n,clam,
vostro,vostro/vostra/vostri/vostre,adj,your/yours,
votare,,v,to devote/to vote,
voto,voto/voti,n,grade/vote/vow,
zampa,zampa/zampe,n,paw/leg,
zattera,zattera/zattere,n,raft,
zero,zero,n,Zero,
zona,zona/zone,n,zone,
zucchero,zucchero/zuccheri,n,sugar,
